observation_date,DGS3MO,DGS6MO,DGS1,DGS2,DGS3,DGS5,DGS7,DGS10,DGS20,DGS30
1993-10-31,3.145039759539543,3.2481175459331415,3.4700970179089574,3.914817015719831,4.304752463237393,4.874677219605868,5.228830326373094,5.534952101379645,5.911294683221873,6.0374218670806785
1993-11-30,3.2448891307170036,3.377026799123643,3.645875621952612,4.152792941999604,4.579473558641131,5.18689019683489,5.558318613790794,5.877235521992585,6.268247294271476,6.399250320676266
1993-12-31,3.11591848854216,3.2833242025073095,3.6041968989051103,4.167062671871724,4.615707717457581,5.230535114529954,5.597397560561203,5.90911303243387,6.289655694478363,6.417088618712736
1994-01-31,3.0957296904204443,3.233952688051174,3.511510873067704,4.027007752512705,4.456234023881799,5.0628351921347345,5.43207207358116,5.748496749381142,6.136147773039192,6.266013183929948
1994-02-28,3.505738353072163,3.6917964891093065,4.03532270015844,4.608232626053382,5.045852572212444,5.626490486267117,5.965394027318652,6.250559926810655,6.5972800800164695,6.713332738981405
1994-03-31,3.5998455737131385,3.9125093246931137,4.438740732050643,5.196206505302274,5.693806069465844,6.269288878594235,6.570514084350444,6.810876868293914,7.096442817957121,7.191769145579276
1994-04-30,4.060863633963757,4.405727848280356,4.967592596997552,5.728426890496812,6.190809288561343,6.680029332678734,6.914729126567462,7.093003178580996,7.299961465402197,7.368856638470778
1994-05-31,4.456190879203609,4.768893768565639,5.2789612977743055,5.971259002070542,6.393320697004697,6.841630084933336,7.057601345049777,7.222062338480733,7.413218263127484,7.476862323789902
1994-06-30,4.4046832129743025,4.769219341280406,5.355797282222528,6.130528107931012,6.585109435033019,7.044712036004874,7.254241948052694,7.408358720264799,7.584426383737879,7.642923532498514
1994-07-31,4.501898321490664,4.800092664046261,5.287039628144657,5.949408804453709,6.354427399324499,6.786210620904351,6.995026340652998,7.154407334568357,7.339866566362868,7.401622320051659
1994-08-31,4.752353564236169,5.024446245444212,5.471413471148154,6.0864354740894395,6.468317386992413,6.883034376204678,7.08746630149537,7.245265896626217,7.429877024756151,7.491390259007207
1994-09-30,4.968807810065125,5.309409585190162,5.853464197809238,6.561202045690971,6.967256113884773,7.365240214660182,7.539937442248638,7.665172592310229,7.806342618769084,7.853167379371621
1994-10-31,5.31673958598062,5.627253209485947,6.12508059944337,6.777671357719161,7.156396415820966,7.533599124902256,7.7024999080409415,7.825250565828994,7.964620085871258,8.010889146906525
1994-11-30,5.850161588943637,6.196377699613977,6.726342362393961,7.353026033935398,7.6583667400127435,7.882130992274436,7.938532377942323,7.957953983173548,7.967270087769116,7.969838133940874
1994-12-31,5.963235995020838,6.358117573349381,6.946524575894768,7.596751081508959,7.870241661930436,7.999610906292459,7.979585226143044,7.926638739138641,7.843855692295984,7.815438548425526
1995-01-31,6.105702273135264,6.355281408456174,6.739038249881069,7.197706923964306,7.425820964153974,7.60059424289761,7.650279406799793,7.672316129738451,7.689027423395154,7.694232977578242
1995-02-28,6.018749215863099,6.157383973667179,6.386291746323353,6.7043669329188935,6.904400802015988,7.124894548227533,7.235215290992312,7.32110026440155,7.421983191389742,7.455614034200366
1995-03-31,5.960629979010676,6.123038256248999,6.384857460819103,6.73197324418344,6.936765940707522,7.1453446954228275,7.24125266388822,7.312192224594707,7.393466635191771,7.420478899932743
1995-04-30,5.948667563367351,6.058753869191272,6.246972889523981,6.525481801921705,6.714364860702556,6.940016916664288,7.061512199382037,7.159884363764531,7.277522898469534,7.316822637012754
1995-05-31,5.858247857339035,5.814370594347972,5.777139893665897,5.818086994594246,5.91882486910022,6.125154401475563,6.275316013062597,6.412901302154759,6.58591381246425,6.644044261795448
1995-06-30,5.628116207390793,5.611777885613389,5.616493380266914,5.706449772624978,5.830503615113503,6.052996548595981,6.206548281031865,6.344702516469354,6.517242208884446,6.575169584008807
1995-07-31,5.626490240802017,5.629346086413064,5.667356955621386,5.8077963939134625,5.967011173360298,6.23259803230839,6.409846894265619,6.567390759086841,6.763224928406197,6.828938535822736
1995-08-31,5.49958343480013,5.530779079166736,5.604940216586355,5.767602484291742,5.918131011675424,6.145345931361275,6.289213814251177,6.4145195055590944,6.569040296781668,6.620844225526422
1995-09-30,5.487561544212274,5.524010246371779,5.601425547602774,5.754347441536297,5.887211015078399,6.08029076448278,6.199858145236648,6.303062858465521,6.429868780143407,6.4723636568701295
1995-10-31,5.5443056939275905,5.51897924831926,5.506826531294894,5.5680085324924224,5.669649647533849,5.8619518885842155,5.997696622088751,6.120797320764823,6.274998372463078,6.326786142531111
1995-11-30,5.527347843638568,5.439209428234261,5.336704087547642,5.307496426434916,5.380738781836972,5.577885155693323,5.733855649324711,5.8805486835922025,6.066786912904471,6.129427030792946
1995-12-31,5.183488747671707,5.139426457439533,5.1007648009207145,5.1367617528287095,5.231990186056691,5.429201643929553,5.573301495232062,5.705506687428852,5.871835244091008,5.927722984401162
1996-01-31,5.06717237552698,4.977681666609541,4.883638563214637,4.894335240939278,5.015445411160992,5.294293264963433,5.505393172211928,5.701286068547554,5.948778155925951,6.03197608089973
1996-02-29,5.0552925890149485,5.082449208355615,5.160022381137538,5.353955760397625,5.5456154392582935,5.845444876715385,6.039077505825555,6.209046043841109,6.419292621404673,6.489803574049266
1996-03-31,5.138184891156972,5.231062220356966,5.401365098022446,5.682607556281916,5.895563735801287,6.17615712683393,6.339130941968907,6.475960311846968,6.642170461371148,6.6977976563594614
1996-04-30,5.168106924299028,5.320237702020955,5.576792031106279,5.947395317865303,6.191881587479779,6.475883726845109,6.625125532547464,6.7444601768837575,6.8863700325775685,6.933746968374743
1996-05-31,5.187612426365112,5.398484173711251,5.7373883783182364,6.1838903828825265,6.444934903013967,6.7075756384714404,6.826620720964526,6.91384831494632,7.013304707833295,7.046340353493341
1996-06-30,5.211152068869304,5.380946051842572,5.660157313247774,6.045116915026041,6.284775034974233,6.545847079252088,6.6749444574313905,6.7747744331970985,6.891666793058073,6.930619853101437
1996-07-31,5.341830175078772,5.509100696103707,5.782820593832552,6.156663522620278,6.386509819201605,6.633182146843387,6.753309625590459,6.845378466322452,6.952725523461434,6.988479430945368
1996-08-31,5.319402248595909,5.519600660233112,5.843578379397647,6.276436748969847,6.534643229989765,6.801452552480103,6.926176928343084,7.019409801163575,7.1267932183191185,7.162506232507859
1996-09-30,5.1980089807703616,5.366326972560986,5.644301429091933,6.030701192665058,6.2738207190375,6.541955824706313,6.676186495471024,6.780717710033543,6.903520845959141,6.94445982970414
1996-10-31,5.205407988502257,5.286292606728005,5.4374303414595815,5.693717771901925,5.892335722890184,6.158847078691967,6.315623577296917,6.448002274182028,6.609190657292566,6.663151981054585
1996-11-30,5.1865953695383045,5.235558560679801,5.335141291537708,5.522823705327852,5.680750243504715,5.9055259276815715,6.042956043945997,6.160950300350003,6.305615340203012,6.3540832172310395
1996-12-31,5.219210609653768,5.3317133724979415,5.525407538822753,5.8154328756705596,6.014720824265892,6.255860490807222,6.387083804524307,6.4939015556995745,6.6219413164372565,6.664727611620738
1997-01-31,5.1809584346037285,5.307995444004001,5.52593103997015,5.850280439960206,6.071672029858282,6.337833910250897,6.481900652702274,6.5988598261246825,6.738890689041332,6.785677533484474
1997-02-28,5.247078487939009,5.400003719327365,5.651626377545615,5.99894636626352,6.215496240955287,6.451811749745748,6.568874824070465,6.659491327203135,6.765646860451422,6.8010240464984575
1997-03-31,5.379662993032395,5.594458400519024,5.934890253215261,6.370485836958042,6.61412970067023,6.844194292181117,6.940343226894484,7.0068383141193324,7.08033895879609,7.104658023614046
1997-04-30,5.346609976984898,5.528712139572873,5.82085541961715,6.204334683135025,6.427325201476162,6.6500278096369545,6.750079411834813,6.822956434546442,6.905796504374324,6.933302418821383
1997-05-31,5.125636590460659,5.3447092171745885,5.691523632034702,6.13419900848317,6.380847816647737,6.61238537555768,6.708365448983971,6.7743298153298115,6.84698698992197,6.871016105405725
1997-06-30,5.239073626290481,5.39568740172981,5.651707494577426,6.000682659321401,6.214668794604536,6.4435777830269885,6.554679269167358,6.639660362627001,6.738648333708711,6.771614274946297
1997-07-31,5.26910711682148,5.336386072217273,5.456051428973907,5.644902838004919,5.781932338503376,5.956184865629338,6.054798743195578,6.136607500797631,6.235479081872356,6.268550013984178
1997-08-31,5.263738763680804,5.388326510931793,5.59513074304205,5.8853615473080225,6.070205874249147,6.27690643015155,6.381778766976907,6.464062490752538,6.561068242873007,6.593420630034203
1997-09-30,5.131845208916456,5.246088284878778,5.436314396030375,5.704831890208953,5.877091029035643,6.071278924195462,6.170560400653456,6.248786789296131,6.341189372464492,6.372013704320267
1997-10-31,5.248191062504705,5.294767396016179,5.3825847083793645,5.533327708394269,5.6513635508729125,5.810998151929999,5.905409895407088,5.985318821349697,6.082714789228585,6.115323915917233
1997-11-30,5.290862419432212,5.375168518314449,5.510202137126932,5.6868646068893876,5.789088815427267,5.8904886834494405,5.935667357383576,5.968390515988957,6.005478442793726,6.017788503194078
1997-12-31,5.398842686768331,5.434031452133645,5.496630501865623,5.595448226443763,5.667168491252954,5.758391607731762,5.81002584579851,5.852864345334426,5.90463942669869,5.921957415972331
1998-01-31,5.24167534530093,5.22192540492801,5.210837286213456,5.252068789842033,5.323824656334325,5.461152207477998,5.558540437678127,5.646997875418345,5.757869820276383,5.795108176530418
1998-02-28,5.341078482822754,5.352953940800643,5.384457580193437,5.459537525340872,5.532082620377265,5.644233084916012,5.716196610126857,5.779206837767517,5.857071316213572,5.883182001441097
1998-03-31,5.211112864606571,5.268218566919029,5.365339566851561,5.507741447154356,5.603323214094299,5.716339781607614,5.776657610069717,5.8252776156195525,5.883304370783713,5.902684962293623
1998-04-30,5.106117824171239,5.189015040136331,5.324185472530939,5.507520079053082,5.619184856596029,5.737655294757983,5.794657077309185,5.838031192494497,5.888427410954156,5.905205751996559
1998-05-31,5.173529923981775,5.233966269633452,5.332773496354681,5.46748345169807,5.550108651803853,5.6385261006406635,5.681455019055378,5.714298139197205,5.752558479293368,5.765300468341552
1998-06-30,5.16798634516853,5.224373047485092,5.313038316393708,5.424562360441809,5.485248905536068,5.540134616107543,5.561682131972971,5.57585036247826,5.591056048793332,5.596067865622697
1998-07-31,5.160183302231896,5.212986741034842,5.299610702444941,5.418496529061471,5.4920641055211545,5.571633520919077,5.6106949303249625,5.640773780756332,5.675923052962114,5.687633334743211
1998-08-31,5.052241887955383,4.9796796771463185,4.88875175932742,4.8384162080788515,4.868261137550928,4.979309151560899,5.073358155175141,5.163539613759386,5.278819788694326,5.317622620751351
1998-09-30,4.544433051500559,4.421835790604086,4.266398432491244,4.174074304046218,4.216065773810213,4.389492809232243,4.5388790225540845,4.682774887815375,4.867011050843808,4.929034877102169
1998-10-31,4.444829357363127,4.299113521040359,4.121960706728441,4.042771199252452,4.128063705477249,4.393748177572159,4.61122304959461,4.817791656814542,5.080972582623916,5.169526043533144
1998-11-30,4.646754088374854,4.566334964192258,4.470456682309556,4.434355232023812,4.490233958448054,4.651685365772113,4.781643187467638,4.90449163273969,5.060740532463207,5.113304356208826
1998-12-31,4.580568149010643,4.51878740892377,4.450152420976316,4.442612490442356,4.50893358436721,4.672339972239382,4.798570039506201,4.916442222496136,5.065702581495963,5.115891130542042
1999-01-31,4.539664435266749,4.49121890637169,4.441294293461675,4.45104715081005,4.521199620429996,4.679878406913504,4.799334943190825,4.909990958457875,5.049704058336758,5.096667226760878
1999-02-28,4.6800096345877344,4.7380378438817345,4.843488313463733,5.015376015433935,5.1439932687474,5.311839942098932,5.408660604874774,5.489695638050604,5.5880013864555655,5.620897352405594
1999-03-31,4.51378174076268,4.569835727592939,4.678896810385171,4.873882008175971,5.031653684908153,5.250225870701586,5.381581108646135,5.493536521715626,5.63038635842941,5.676220168682338
1999-04-30,4.589360482959465,4.654083488150342,4.774102289403991,4.975481271622526,5.130127778252775,5.336174308407492,5.456790363479968,5.558414124577322,5.682041614406577,5.723424278739535
1999-05-31,4.672580027394956,4.807748670835493,5.026953455422378,5.321072317051793,5.497566178935782,5.6813438312712226,5.767990988031142,5.833108533448878,5.908309046983246,5.933326950625121
1999-06-30,4.838744046524412,4.953439424388369,5.144367218306072,5.413740935106587,5.586442431260566,5.780995797242834,5.880399983739484,5.958695391398999,6.051164433562905,6.082010338469779
1999-07-31,4.7291646997433645,4.892681745775107,5.156373373022159,5.506200615852641,5.712787246379538,5.923456171803546,6.020465453062211,6.09228686297124,6.174610608803078,6.201973222587134
1999-08-31,5.015572903407663,5.147932435919967,5.362190705412976,5.648625056276398,5.8196299172114605,5.996523161753393,6.079315086897044,6.141250293281355,6.212612957776403,6.2363474820633655
1999-09-30,4.88281042554128,5.012813986019007,5.226754464405616,5.522148263405772,5.7063938880225935,5.907547714794897,6.007238167098345,6.084427008453997,6.174863477077028,6.205002605181458
1999-10-31,5.138939350577047,5.260377887965357,5.457652103275506,5.723245095497673,5.883374988029298,6.051117127750241,6.130727204358953,6.190800980995612,6.260316497583285,6.283448763967035
1999-11-30,5.386069530877236,5.500291330060367,5.683697475182114,5.924883053423521,6.065506904326349,6.206466092828419,6.270074527963022,6.316544471776449,6.369448589545071,6.387018024017467
1999-12-31,5.477513937318899,5.635923625098575,5.882437131652216,6.18538078755036,6.343862491708106,6.477844725010147,6.524832082192912,6.5525751141880955,6.580292118537173,6.5893379867435256
2000-01-31,5.775210620644811,5.9741892561071674,6.267373583915884,6.581706183159382,6.704094948611252,6.743326686152611,6.7158372762840814,6.673668547864543,6.612688707287332,6.591904189972957
2000-02-29,5.775337132816149,5.974352254517889,6.259544564847848,6.541581212080376,6.626514204069508,6.602672145987818,6.532894993396753,6.453075868732601,6.345264057881962,6.308763565669102
2000-03-31,5.9382181760758215,6.0860634918156675,6.286925754739874,6.452202252365283,6.46404539545516,6.360068844070342,6.250409925544026,6.139636333088031,5.995516110128953,5.946913716716848
2000-04-30,5.83402663922582,6.048272840573935,6.346205640643378,6.613290971712072,6.662400726506196,6.565497961162329,6.442631647922979,6.314194724147119,6.145258109195775,6.088220738910426
2000-05-31,5.8543957491937,6.0739789730153255,6.380049114120953,6.656665398202135,6.71033198894952,6.616626009272393,6.494459820248645,6.366171547443955,6.19719105073667,6.140130348816731
2000-06-30,5.972941599812589,6.065057768770838,6.1914528949018,6.2994414553927705,6.312626010215514,6.2576142254822535,6.195840222639856,6.13265294476606,6.05011053520944,6.0222623428089035
2000-07-31,6.269913498469752,6.281584540707419,6.288954431158907,6.26787626369046,6.229280684309826,6.154537436162198,6.101282799069947,6.052834290970629,5.992072659626065,5.971663395834821
2000-08-31,6.341396828701014,6.3154124076252645,6.263867904963202,6.1695071925943195,6.0917678625840574,5.982699606763079,5.916615872249512,5.860094962557506,5.790906838902291,5.7677305230597735
2000-09-30,6.290156909744126,6.206670718048085,6.083976896864794,5.953372358084381,5.903505318308537,5.889542593581326,5.902750734244776,5.92193419407987,5.9493737358498615,5.9587165411942555
2000-10-31,6.416498401283961,6.303408892483814,6.134801556987784,5.94820466978443,5.86944046803905,5.831650593228112,5.836889684848476,5.851611347809978,5.874770184459526,5.882724201074872
2000-11-30,6.292799335633282,6.120037832373542,5.867275523785252,5.60156683990221,5.503653445509115,5.483644361193435,5.516931784776909,5.5619306677248215,5.625306892552651,5.646853316548787
2000-12-31,5.904791944680459,5.679044332242734,5.3606764220767,5.061394452715317,4.9889609654852345,5.056246095319654,5.162368894819538,5.276922578470706,5.429083928618093,5.480510385571572
2001-01-31,4.974421480246763,4.8314672678541655,4.655214560002025,4.567644535235892,4.639874095382601,4.8812572970403085,5.081696716684505,5.272853713434658,5.516746952950897,5.598823381168198
2001-02-28,4.846312414350016,4.69264022437964,4.500214142339162,4.394180489009362,4.4580427907159255,4.694325557766848,4.894243384061328,5.085889218807916,5.33084992352122,5.413301855048593
2001-03-31,4.255699771265629,4.168482098918055,4.085528033605034,4.130938855718837,4.28950025951739,4.629478640529662,4.880939442886049,5.11256194204627,5.404397873654922,5.502473081858161
2001-04-30,3.930474796443023,3.948326121128859,4.027458893880685,4.268097781811549,4.525165540935197,4.942884602239175,5.218053064294153,5.46143737629207,5.763399019499996,5.8647028034753035
2001-05-31,3.5397055249897282,3.617051089284057,3.7892961954511577,4.145838508626019,4.464890622474843,4.937075337724994,5.232669752972098,5.488947445664019,5.804395880531695,5.910129642281412
2001-06-30,3.573318270477022,3.6588231987055577,3.840138506051115,4.1976991293215775,4.5080183158194,4.958665893938578,5.237618564848546,5.478355107651253,5.774123352308567,5.873239660878396
2001-07-31,3.504395997906896,3.4994204220917045,3.552230565740672,3.786210355931737,4.063295874178926,4.53383896056625,4.850585325846667,5.13301493373036,5.48452049006079,5.602487073946021
2001-08-31,3.3438756089482453,3.344087898350219,3.4041841900636514,3.6449202551045166,3.923529643909181,4.392289627958441,4.706438455694746,4.9860941982301705,5.333927175324513,5.45065294641632
2001-09-30,2.3932759040209137,2.39098777043804,2.4747946706229476,2.821740588427742,3.226420546402281,3.909470252791403,4.367931725429587,4.776285839475373,5.284303917313358,5.454788785078358
2001-10-31,1.9803205433729163,1.9974450459316961,2.10766755409199,2.476482372368337,2.8829113933279444,3.552635147552867,3.9969168851425536,4.390920883117192,4.880257821765724,5.044442353328782
2001-11-30,1.6779812354399342,1.8445747469207132,2.178515512591278,2.7974596992952034,3.3120523781954585,4.038559421344401,4.480499422556719,4.8591257874741824,5.322928533078314,5.478303263103806
2001-12-31,1.631696625005527,1.8715098113584794,2.312337164575298,3.042932860619805,3.5979099374387893,4.331023554667682,4.757599797883251,5.116036682032125,5.5515886596930955,5.697364906725952
2002-01-31,1.668531933584499,1.9314430923867543,2.4007236948801562,3.1453682320092464,3.688558470437285,4.3824746464945274,4.776533507106915,5.103967220992379,5.499966641742465,5.632432560365787
2002-02-28,1.7076962748989601,1.929073200298809,2.3399597220538104,3.0302683106853805,3.5609746132936135,4.268688739502768,4.683223425959962,5.03257978535539,5.457627492916317,5.599908435034994
2002-03-31,1.754461092612903,2.1349335319717384,2.7711241055207876,3.676109029899839,4.2622154870328925,4.929836630901363,5.274492009907259,5.547488510051577,5.870738315159841,5.978601286941811
2002-04-30,1.6880728427679326,1.9606192996898157,2.4462099304046165,3.214572147584186,3.7735312181048304,4.485913096011758,4.889744846128918,5.225022082274559,5.630364424377498,5.765950112655909
2002-05-31,1.707693475061726,1.9495746272412322,2.3930439158383034,3.125277452257013,3.679639493166944,4.409984743833687,4.834146378034857,5.190249716170038,5.622810531463633,5.767579666932574
2002-06-30,1.6463752422414448,1.8065903690070155,2.1386806852347617,2.777899700680308,3.3237275074556125,4.108153333781738,4.590639998330088,5.005930753788546,5.515610905930528,5.686391503549963
2002-07-31,1.73178600665647,1.7054540722413867,1.7769155598108144,2.1786951693811285,2.6761041555281966,3.535380841985856,4.118465211160663,4.6399046093493155,5.289611359997728,5.5076830138884505
2002-08-31,1.7224986458834894,1.6779668687852094,1.713482891427082,2.0498023278047484,2.4934929866959226,3.2776077580357827,3.815231293825794,4.297817244635311,4.899977362760126,5.102122620146547
2002-09-30,1.6738433428763935,1.5205449402048161,1.4003510846841338,1.5831526258714923,1.9811458768113246,2.779503694843582,3.3560750658425675,3.883007826676362,4.54498989799465,4.767385644194674
2002-10-31,1.5624052804717683,1.416544970176114,1.3199921895443054,1.5655383947110393,2.027178424566505,2.9264286047776764,3.5686167509200613,4.153304104466451,4.886803790188224,5.133187490177868
2002-11-30,1.2705865559965368,1.3156587807334381,1.4886466015008013,1.9884120417901687,2.5125807891848617,3.3570535094328555,3.9109135542541513,4.399985403442149,5.006371856099454,5.209790907565583
2002-12-31,1.315352645332076,1.2245155620652548,1.2038099003978244,1.5152606265897692,1.9863982443529098,2.8555188207446625,3.462637933955459,4.011211240821588,4.697432836950001,4.927862188790457
2003-01-31,1.220235672924876,1.1922591649544694,1.26197159558323,1.6638640415473214,2.163401672859388,3.027639490338689,3.614493814032316,4.139435716260469,4.793569456292933,5.013129375206327
2003-02-28,1.2833857067305534,1.1835068045400972,1.1477849078322853,1.438141710072729,1.8958288423591962,2.749888413937976,3.349356355843034,3.891922244108994,4.571059265628173,4.799125748946968
2003-03-31,1.216191922877853,1.1237322868949047,1.10470161295898,1.4299382182162552,1.9190165038375944,2.8196935635014277,3.448403338813083,4.016342282069881,4.726720843002412,4.965259427827607
2003-04-30,1.2039964592466048,1.1291452282331327,1.1335746249869647,1.47663523837818,1.964968905350326,2.849634942540665,3.462852904612305,4.015434096508874,4.705955539202052,4.937802060940895
2003-05-31,1.2341313532509814,1.0869308737075933,0.9785258129329607,1.1822351685243324,1.5970397549435924,2.4185826499832204,3.0090464632237093,3.547804818590662,4.224234435310903,4.451468669532057
2003-06-30,1.0507947286253854,0.9493406317594317,0.9138015266385342,1.2117380221713707,1.6801190782645736,2.5534981754723765,3.1663416394825163,3.720955329134423,4.415145198299799,4.648265670151597
2003-07-31,0.9972695117428695,1.0312004746591468,1.206784451959157,1.7654013723183721,2.371278478008387,3.3626151679110343,4.0179286091989,4.598311353224095,5.318749924403674,5.560460656574374
2003-08-31,0.9818840856663346,1.07594370242036,1.3284911518214682,1.9353171768078912,2.5239911921483578,3.4359784720610107,4.021851169165088,4.535066007606199,5.169382154284948,5.382094888018354
2003-09-30,1.0403425501022712,0.992464750755676,1.0404737414551137,1.4415691445113075,1.9643608836095519,2.8844179725171637,3.514067065285977,4.078877406187491,4.78345349342356,5.019972992151902
2003-10-31,0.9976385860875492,1.0522184395105947,1.2480365089631844,1.798293424034994,2.369400716664603,3.2849090519131123,3.883813705162431,4.412141485918737,5.066947790979125,5.286600290765675
2003-11-30,0.9491963318779184,1.0691010018380198,1.3535579644228606,1.9763942983793665,2.5522162942069,3.420910939149639,3.970778710213801,4.4496412437162824,5.040121348203259,5.238081867991963
2003-12-31,0.9685503997083249,1.0312275524425016,1.2368085826453155,1.79113921252638,2.357128341476929,3.2572357006142436,3.843628407821846,4.360097158974686,4.999805837985239,5.2143788058045395
2004-01-31,0.9540541650765904,1.0225706962347076,1.2328255714756229,1.7805769091857226,2.331850562419098,3.202295729053139,3.767227647728125,4.264071364803191,4.879119675621661,5.085407678402163
2004-02-29,1.0057970695894012,1.0168657453542247,1.1441933191892606,1.6081050639491388,2.1320508417278425,3.0046468848160837,3.5865493147204237,4.103610292366658,4.746267848395984,4.961913619891001
2004-03-31,1.0364261673267792,1.0123828670954695,1.0882325129617512,1.497712989855564,2.0012622336784327,2.8689556977239863,3.457063124864465,3.982770821055455,4.637688471626264,4.857505113811838
2004-04-30,1.0015560547317672,1.1779493252416902,1.5413020180171857,2.235934462841506,2.82629859868655,3.6721261747885356,4.191396827471781,4.637996166360244,5.185925142516638,5.369515229344103
2004-05-31,1.1505269936376028,1.3626547262562936,1.7715083556940803,2.493832586040644,3.0728621541266286,3.8696627926646125,4.346411642988492,4.75197744794278,5.247336199550979,5.413227101097913
2004-06-30,1.4506354063802562,1.629613887008693,1.9832822931635135,2.6277389468128654,3.156839047538048,3.897384147183746,4.345385954564824,4.7283074677268955,5.19692172001358,5.353891129607585
2004-07-31,1.5776375777515215,1.7197398026792303,2.0167465243904283,2.5935933282106007,3.0891742634326342,3.8042082461245696,4.245078210745119,4.6249300710376895,5.091306960375842,5.247585015252372
2004-08-31,1.7071082185163007,1.7474533298008619,1.8939192451883762,2.307575710263756,2.737739117654797,3.4279497533133494,3.87968690073942,4.27826306206833,4.772291583744305,4.938013078710518
2004-09-30,1.8725919267803546,1.9279798855112336,2.0883474325384634,2.492539672628322,2.893464734972021,3.521855700879046,3.928089349902431,4.284817675787808,4.726150094600969,4.8741635263993395
2004-10-31,2.0644299775733628,2.0661835751953173,2.1458010608071665,2.458338119575638,2.8182488895482956,3.4225584944609984,3.8271485577248403,4.187183580087253,4.634928036177004,4.785179708850124
2004-11-30,2.3400507817505356,2.396549359618741,2.5489247340740153,2.9161529957951426,3.2729099421318244,3.826029078816861,4.181508386927069,4.492953302816913,4.877913594013924,5.007007824054984
2004-12-31,2.4156804442234727,2.474341013151938,2.6214704693465256,2.9582094591174464,3.277021276862418,3.76446156556192,4.075332436755973,4.346871901969127,4.682104223642433,4.794507209368753
2005-01-31,2.644194859731307,2.718980161569994,2.8751046560414237,3.1779479939895943,3.43790589482762,3.812772698965939,4.043827734360917,4.242876193069464,4.487251373104602,4.569138434339149
2005-02-28,2.849079159912859,2.9588710829667355,3.1605169739467476,3.4942970390682353,3.747563523136872,4.081828459703966,4.276205695857573,4.439488041699422,4.6378759331816966,4.704274090525897
2005-03-31,2.8969997064195563,3.0524774168462074,3.3166300904521706,3.703244410680937,3.962211696634809,4.267782289761795,4.4305765509356645,4.561678769208476,4.718081927126678,4.770317141933716
2005-04-30,3.018381315215623,3.1063961971400595,3.2679310313298036,3.5350442034548037,3.7375403188553387,4.004603234847311,4.159822050296221,4.290179878966999,4.448549014560691,4.501552755333164
2005-05-31,3.0846578557953857,3.146001079387398,3.263698926260092,3.4704309933494426,3.6353844641144573,3.861611650446415,3.9966682367558026,4.111448425033113,4.251585051649628,4.29851331720828
2005-06-30,3.2411201759631147,3.2896665746338716,3.38152202278223,3.5399426535798124,3.6644788552619896,3.8334033292052863,3.933509472467454,4.018312697835186,4.121711856030326,4.156332362240742
2005-07-31,3.532170271451828,3.6130091332977288,3.7481788633373188,3.940454760004918,4.064977701296154,4.206815317750721,4.280036336235685,4.3380328711841925,4.406705016446606,4.429619728994845
2005-08-31,3.6487926539403337,3.6598595957350044,3.690506561386186,3.7656548849433014,3.839261427780946,3.953876077947273,4.027709878762692,4.092457045431186,4.172516625458072,4.199365248615019
2005-09-30,3.7321894093439565,3.801770048471908,3.9175841430374305,4.080947452094836,4.185655445399166,4.303577375099503,4.363811115714138,4.41124681519261,4.4672657524563135,4.485952443190147
2005-10-31,4.121978382920441,4.1602445453226515,4.229103022379198,4.339718948479556,4.421367558659477,4.526722257468594,4.586996931779418,4.637253994283436,4.698124534541852,4.718489824165377
2005-11-30,4.130730695135646,4.17363320012893,4.246506194044112,4.353119066423547,4.424498027949897,4.5086817451425265,4.553512418257062,4.589607951878314,4.632665323508445,4.647045377531537
2005-12-31,4.2331233189187305,4.256976428285138,4.2965522983987245,4.352046017694108,4.387351301090176,4.426783489716553,4.446766821280617,4.462435860844121,4.480902874265689,4.487061589506149
2006-01-31,4.567108347382632,4.5398013169067095,4.505253292575311,4.4849857258631705,4.494682268309922,4.533889094892669,4.567550523738464,4.599946522703362,4.641411936917828,4.65537097070994
2006-02-28,4.685321467504629,4.689641085092173,4.691973183140152,4.682581063343176,4.666453529488666,4.635688371154891,4.613899081393647,4.594116753696492,4.5693258863471895,4.560999578838996
2006-03-31,4.725956372070766,4.738870189880512,4.762395696007489,4.8008821040283225,4.829775985448025,4.867585199580219,4.889437676195738,4.907743618565072,4.9299593951721015,4.9373937630517695
2006-04-30,4.868322634509543,4.846866623756731,4.82729276524292,4.84181485381661,4.88470333195855,4.974872969222258,5.041112782284519,5.101991709551205,5.1786340178262735,5.2043883118314005
2006-05-31,4.989368039135105,4.986029352303351,4.988230194133032,5.01158770614576,5.042700971907975,5.097867052416096,5.135746936124658,5.169766862843036,5.21222472614632,5.226478158844682
2006-06-30,5.1411652138817425,5.137515193379298,5.134274006088801,5.13710092322875,5.1448098929912245,5.16084425656945,5.172578608353808,5.183349861443722,5.196903849346729,5.2014581947165
2006-07-31,5.189330800983716,5.125848198954553,5.036681411552422,4.953974301843871,4.935289695699177,4.957046145911066,4.988789381680614,5.022694924988267,5.067588648751226,5.082756489635092
2006-08-31,5.15255716151456,5.054705456715862,4.913827962820506,4.772525550535603,4.727718324993157,4.734311799898844,4.7651817612962555,4.801366443416707,4.850568279357391,4.867237259451126
2006-09-30,5.020907092205476,4.934746400186129,4.810185466185462,4.683694353770468,4.641841442666576,4.6436091156558845,4.668084168152714,4.697535980361569,4.737862174144872,4.751533806670853
2006-10-31,5.188602855282406,5.067636595436467,4.890132263178223,4.701985522812049,4.630995175218631,4.612891325657628,4.633454982146694,4.662520026870833,4.703857128400766,4.717924124996313
2006-11-30,5.152109611431251,5.023449825997253,4.832051054131321,4.621462635614907,4.5338225762995625,4.4941429702766,4.502324208827963,4.521049878887693,4.549856425783296,4.559730812750157
2006-12-31,5.114243331510225,5.0355733972831835,4.920189404427872,4.798051101115209,4.752140194110176,4.740799645786867,4.754463523078608,4.773624378721816,4.800829350875453,4.810085673090599
2007-01-31,5.1967716415082705,5.124241033938354,5.018180714899228,4.9068576001896735,4.866016488466294,4.858063690154943,4.872338821835574,4.891497858948813,4.918437400385325,4.9275947496735375
2007-02-28,5.236233768411688,5.088084309006468,4.871610737426025,4.644879811825894,4.56221770175992,4.547251100280072,4.577265551691626,4.617161786122733,4.673136200896578,4.692159032579005
2007-03-31,5.148171427669848,5.000251014086945,4.790779738376925,4.5912110977795,4.539735364625725,4.577067758170632,4.642075910061774,4.713105320559811,4.807794058843289,4.839808309825562
2007-04-30,5.06041552638158,4.9366694175759465,4.761111391988099,4.592870325596333,4.548315741160981,4.5770367262355,4.62973813337759,4.687661404865183,4.765012176485977,4.79116915633282
2007-05-31,4.865446304788442,4.864041715197708,4.865750815915671,4.878726760038508,4.895464407913243,4.9248133667446075,4.944865424330708,4.962841915951189,4.98526168815008,4.992787600969857
2007-06-30,4.89730537195134,4.876613391005442,4.855359860450503,4.859807751497545,4.890098142716916,4.958423128967753,5.0098141147020785,5.057405753719178,5.117488284269168,5.137684200720084
2007-07-31,5.060521482893148,4.928670155626396,4.746497141241194,4.586875359733519,4.5621520585128845,4.631044859768509,4.7128640571652545,4.797430607144266,4.908268324225041,4.9456759536897925
2007-08-31,4.165591929759523,4.118319782493648,4.072033354448658,4.091317373444644,4.171085185460222,4.344964495816476,4.474292648207745,4.593632630227443,4.74409674422622,4.7946658559154285
2007-09-30,4.000225311837765,3.9557231992298756,3.919229342616026,3.9658545758268904,4.073929074968116,4.293130846080492,4.452089524100779,4.597562073559323,4.7804117198399,4.841844331940846
2007-10-31,4.078132504413541,4.003508296763219,3.921273055475852,3.9148523387436605,3.9980730127601634,4.200687916992119,4.35667088356913,4.5021731496163255,4.6863509738046885,4.748277867861314
2007-11-30,3.370362356252485,3.2292398051260403,3.0670530153296167,3.028085627673048,3.1543909843182636,3.485256057887521,3.7451793695955327,3.98912969134535,4.298609934999358,4.402693157472797
2007-12-31,3.5547587620921246,3.3713917871875876,3.1489238217941233,3.05111809377857,3.1605867553969276,3.4985187024474205,3.7745980234488385,4.036688384193384,4.370542467009129,4.4828732026519145
2008-01-31,2.123798672787987,2.0153896728076424,1.9311730153367992,2.063588859935052,2.348681006823995,2.9193886235893425,3.3312337099910505,3.707524799743849,4.180211153911851,4.339010485072441
2008-02-29,2.00533213289935,1.790611366945086,1.5671560238569526,1.6016207045775415,1.9024013049018946,2.5886153776181433,3.10662080770883,3.586877099001074,4.193434867058327,4.3973303154328125
2008-03-31,1.5703491775476124,1.4422754241344844,1.3455054723598627,1.5128909125951953,1.8623816765878154,2.5579621865144997,3.0588242146845945,3.5161125299493357,4.090387998261275,4.283310407365331
2008-04-30,1.554701801508979,1.6026267906429765,1.7496764552710826,2.1327436333062244,2.5182640499603948,3.126981646129876,3.522045710552251,3.8694938963953227,4.299603377296333,4.443862638936576
2008-05-31,1.9530064865129038,2.0103796811651886,2.1660192341358577,2.542572922825736,2.909069848858344,3.477849688026694,3.843589825900022,4.1640917808385245,4.5602799287082805,4.693140603028463
2008-06-30,2.0450888018433453,2.0960123419370325,2.2356492823096334,2.575878970196238,2.9081338443645994,3.4246851029942618,3.757160238515785,4.048621234411038,4.408964058204639,4.52980612522343
2008-07-31,1.8192312220862301,1.8873701407992598,2.0577870521321957,2.4469832549207857,2.81504628785525,3.3774392718919444,3.735988254749455,4.049130762092465,4.43570357993406,4.565320173538377
2008-08-31,1.8847066942311699,1.9009606919528816,1.9952656220819298,2.303855440448062,2.641577709730072,3.1963881310752367,3.5638796526254275,3.889597691319473,4.294036339266613,4.4297320272691385
2008-09-30,1.2495451205394679,1.3379299763442982,1.5469709031414258,2.0035073932679044,2.424980936948162,3.0603028926140396,3.4622629018979487,3.8122520249626253,4.243787625137082,4.388460225147055
2008-10-31,0.732158292752251,0.8043525674801948,1.0125346143307807,1.5359699114795264,2.054608036491322,2.867040779798658,3.392093282252495,3.853106812027236,4.423431082850222,4.614704620537319
2008-11-30,0.29070317110257066,0.3499225579951331,0.522952831086213,0.9614156718417155,1.3973849326206198,2.0815489558156024,2.52413117845641,2.912878497636855,3.3938726193078095,3.555189584137074
2008-12-31,0.19055778701876286,0.2196379010712673,0.3349309557006514,0.6721849791469675,1.0275296912134315,1.6012514490626721,1.9779520518905835,2.310727903866944,2.7233954129119424,2.861831868116779
2009-01-31,0.33985946894387753,0.33897685600597194,0.43265687055120805,0.8131970693400834,1.2550849328828477,1.9995826831321808,2.4988523790655646,2.9434114866730408,3.496401897385161,3.681976356020063
2009-02-28,0.39370110474547415,0.41526627506998126,0.5427098025069044,0.9614776644304928,1.4203771924576039,2.1746942692534663,2.674477898362025,3.1174981700040756,3.6676122938861297,3.85218532928386
2009-03-31,0.3895894149654762,0.35536878193246657,0.3989841685337183,0.7230679193363299,1.140058173451537,1.8705906510170738,2.3695111703009917,2.816724302476883,3.3744449182081775,3.561660499777347
2009-04-30,0.2459853626779328,0.2586064868063898,0.3847622480737715,0.8372160986636373,1.3460031004576312,2.191783721704721,2.755292336507795,3.2558399423877136,3.877891249343872,4.086619453376538
2009-05-31,0.21757319754287,0.24551015180581265,0.40288038264078635,0.9143020092760712,1.472790270444787,2.3893886403043485,2.9962258078160393,3.533985060315885,4.201664517509132,4.425679962344269
2009-06-30,0.22327418985114292,0.31009346723000497,0.5465545254375854,1.1201554029620395,1.6791376364899198,2.5472177443982877,3.105616946202771,3.595017100399978,4.20002237421971,4.402910612808563
2009-07-31,0.16906072237883382,0.2616516933003129,0.5070931222831837,1.0917261690868314,1.6564761719690293,2.529426932088118,3.0895307415461546,3.579935142664752,4.185942111498311,4.389157193184487
2009-08-31,0.1563535206835791,0.22394570692712001,0.4322397397479607,0.976122693084288,1.524038186807161,2.3896058092113335,2.951518208231442,3.44575596873911,4.057602555434465,4.262817611133554
2009-09-30,0.1221477776293663,0.19454239041800445,0.4064627447927479,0.9440599574556826,1.4788597811985111,2.3183269806963023,2.8614463175944453,3.3385262385404086,3.9288256588990316,4.126802152775514
2009-10-31,0.08068871196779281,0.1407639028650605,0.34210756541411624,0.8907051803611817,1.4532142517214812,2.3496449178354895,2.9342765052587003,3.449408802028206,4.087566705009836,4.301623457538141
2009-11-30,0.14353950339255364,0.11404377901201335,0.18928066183435008,0.6199893846732323,1.154753271649949,2.079554986267408,2.7074154855164263,3.268998719125418,3.9687728907608704,4.203651317767783
2009-12-31,0.06975533047672056,0.18358413709830926,0.4702421274203111,1.128330505274397,1.752369627174085,2.707312547713453,3.3166342480930684,3.8489666796188975,4.506214289407129,4.726590507723632
2010-01-31,0.10674010740518435,0.12718979616816595,0.2816723339171512,0.8140162288387531,1.4058367494916721,2.3848130240588428,3.0354855126010056,3.6129355383295305,4.330304217999461,4.571006491190241
2010-02-28,0.1683364779386888,0.16647932909860771,0.28945109726741797,0.7920135870583365,1.376435310521487,2.3616539082607058,3.02254036471695,3.6110673294020392,4.343169960278413,4.588852635457363
2010-03-31,0.17145790694799,0.22192211671211454,0.42072046978170236,1.0008452702496327,1.611551306490224,2.5971591210024534,3.2441634203744365,3.815678487245422,4.524378527666856,4.762123373529172
2010-04-30,0.18557545647858203,0.22554107977647037,0.4041466038361089,0.9486914753011316,1.5309362970289253,2.477438913077089,3.1010691835657593,3.6527089324294186,4.337137640200878,4.566754418305642
2010-05-31,0.2121913278634009,0.19742167035342004,0.2912221017436633,0.7325895453030549,1.2618102392509167,2.1649399786410783,2.774293299656938,3.3180906562182813,3.995111106990698,4.222330073978551
2010-06-30,0.26668095853226387,0.2005654920443333,0.21359372103513424,0.5532725621159393,1.0270760218906845,1.8799642175915392,2.4695203624580637,3.0002594419097144,3.6632387079920488,3.885828514430283
2010-07-31,0.28649386939171245,0.17622521001885624,0.129199741314414,0.41924910002385757,0.8892022518784138,1.7726149486524487,2.3945665317205824,2.958072743767031,3.6637011771156747,3.9006744261170185
2010-08-31,0.2779571900658844,0.16550142818649954,0.10084749959564673,0.32951305862787167,0.7310166011770581,1.5010522207182908,2.0475992191082826,2.544170136480179,3.1666367033846528,3.375705942655644
2010-09-30,0.33008363152990633,0.1762601715299399,0.058094793470404464,0.25133474344185003,0.6620576620732314,1.4822813151429954,2.0736511160355837,2.6138050454451816,3.2922544095468416,3.520177111784059
2010-10-31,0.35242028270422543,0.14021543959971358,-0.05069356056189752,0.10371372570622324,0.5403786512431809,1.4531961125369954,2.1224119691389127,2.737061338042463,3.5106723788408085,3.7706236627493808
2010-11-30,0.35108211779155635,0.18331555643165928,0.05772007076922761,0.28166876511756267,0.7449035156476136,1.6651976116781482,2.32741283643837,2.931877738326905,3.690916216540921,3.9459055712580433
2010-12-31,0.22152075713026925,0.15109655446926357,0.1719965823718078,0.5620520542531658,1.0994460534463786,2.0629770513890104,2.7278609149964788,3.326044559180195,4.073097584269454,4.3239078884939826
2011-01-31,0.2632530357862682,0.1507002777455201,0.11907561819413769,0.48097957107688416,1.036943550454663,2.0670386139458277,2.7879276765587897,3.439717256493579,4.2552524307756086,4.529111968968727
2011-02-28,0.20517301754851075,0.15516323856720524,0.20809618513341302,0.6382557807505109,1.1973053847072934,2.180176271983359,2.852505268523345,3.455501492159084,4.207665425320361,4.460157935306921
2011-03-31,0.149331031344273,0.14241571807497408,0.2559940619820363,0.7427629364062835,1.315034416282082,2.2840417664754,2.9354292265809283,3.5159494427922446,4.238309924174701,4.48073147588709
2011-04-30,0.14307302131298888,0.07869611706685861,0.11077798797558581,0.5195205851620709,1.07121498841315,2.053747249496533,2.729732861513719,3.3372621550723203,4.095680284305026,4.350294749681751
2011-05-31,0.20231230905264114,0.08013629016915025,0.02539839691299605,0.33617539239487304,0.8446051646274692,1.8027589443463112,2.4780275923793718,3.0900589062975863,3.8565543700328266,4.113972633786787
2011-06-30,0.18097369136205466,0.05982934630032633,0.01212451776795651,0.34669988633009513,0.8814442137025206,1.8830243544932208,2.5871224854199104,3.2247278285933767,4.02298861899826,4.291065057032279
2011-07-31,0.3118496031708254,0.11832925163316724,-0.04110750602728332,0.158666349958374,0.6251845031446122,1.5725894482776637,2.2599384030569007,2.889069285680107,3.6798918269715237,3.9455888341341177
2011-08-31,0.2377998599497747,0.031833734810458945,-0.15981895459285814,-0.03551112745202524,0.3587075504653901,1.19485342839565,1.8109905174087662,2.3778310663369977,3.091708996586107,3.331604928091736
2011-09-30,0.16656346455015453,0.04405739677791986,-0.04875296239771246,0.11036162175337962,0.4435074822521364,1.1069109563244082,1.5846999573920058,2.020952087293936,2.5688236122354904,2.752876383818288
2011-10-31,0.17673798970640622,0.03455618721064409,-0.07757510053455281,0.0893428624802034,0.45543148949343104,1.1907725390523967,1.722099313958598,2.2077639069522457,2.8179391817370782,3.022931629943549
2011-11-30,0.1699102714907997,0.035822288035965336,-0.06834445691452301,0.0954305659280682,0.4480455251364213,1.1539250532434744,1.6633161474659934,2.1287324317623164,2.713375456418458,2.9097867174330236
2011-12-31,0.18391368456527066,0.04538984867543735,-0.07121286654052623,0.061829773070625836,0.3842334792087251,1.0429810337180896,1.5219789888738575,1.9607319281301978,2.51240063449106,2.6977534958072655
2012-01-31,0.24881636306511545,0.0735886999041201,-0.09458423635950729,-0.009426961130251713,0.30209683414277827,0.9732937362873869,1.4705578468052947,1.928836659617032,2.506365433628154,2.7004556240398805
2012-02-29,0.2657280601888467,0.11001520888859877,-0.02792059049549481,0.09402869193789472,0.42446426258500625,1.1111367829066927,1.613499010218738,2.0745809503251524,2.6547597936220977,2.8497078298224707
2012-03-31,0.2622077507067441,0.1105075068129741,-0.013576943734919538,0.146635342039509,0.5165197792665918,1.2662271713410422,1.809756535885138,2.3071311382054844,2.9322796030538636,3.1423121164235823
2012-04-30,0.3076292919368761,0.12927092833274795,-0.040420129065007075,0.05223624881527406,0.3762503428730245,1.071093996928654,1.585054606583813,2.058476096274208,2.6549738718120657,2.855434745508349
2012-05-31,0.26493353634020433,0.11622024945121215,-0.025646244805098903,0.050081940963810426,0.3184717242267401,0.8948462704584017,1.321384553838681,1.714340852916523,2.209483454028247,2.3758836625812827
2012-06-30,0.2843641911658315,0.14009260861984227,0.006428799096155447,0.09584110058399886,0.37468641127085134,0.9649364242457902,1.3995746840987222,1.7993470622999017,2.3027772569148657,2.471951461704038
2012-07-31,0.28949775641783815,0.12734991712955407,-0.03576341829654369,0.012904035844516153,0.26626799902872866,0.8286116162693734,1.2493765850385026,1.6383879124383371,2.129199555831473,2.2941680402982243
2012-08-31,0.29043643705398925,0.11861585244323175,-0.05496258373103872,-0.006346535750557942,0.25870896607021626,0.8488378454807397,1.2908417125926752,1.6996214503757152,2.2154361179843134,2.3888107374807195
2012-09-30,0.308620980708641,0.12526164362177403,-0.06092498647277147,-0.012869812393643237,0.2655540117498506,0.8878543244018323,1.354541509111475,1.7863220427618214,2.3312402364473255,2.514400050063698
2012-10-31,0.30243964520013195,0.13959244623255457,-0.017214630920335726,0.05985038690312214,0.34695955488287933,0.9666871293908303,1.426105168070247,1.8495900342427314,2.3833106161985933,2.56267964979925
2012-11-30,0.2894439438198673,0.11774090146406595,-0.05312492268157041,0.005888296353385876,0.2828450240729351,0.8929067898985008,1.3482397444833492,1.7688754028371194,2.2994316914606983,2.477753128291648
2012-12-31,0.25599702934392254,0.08984782306811334,-0.06748931456046135,0.021792359549763492,0.32706472852837537,0.9801309027760198,1.4627881178031774,1.9072555898110661,2.4672163510013196,2.655396412678708
2013-01-31,0.2611566701541421,0.09456008083235805,-0.05597382242758672,0.0626089422204504,0.40236703858989603,1.113852388069258,1.635788459555038,2.1152641747508567,2.7187881505861364,2.9215879176694584
2013-02-28,0.3094099557147724,0.12161494137055434,-0.0619222380522494,0.016061113723537506,0.3345423216024314,1.0279822902916267,1.5435528522617248,2.0192468595887165,2.618975755573821,2.8205361479250723
2013-03-31,0.2741137098888071,0.0926948767758973,-0.08143258052051984,0.0066827781078046536,0.3291546408887017,1.0239675084987545,1.5387347612382591,2.013146554012871,2.611007281002068,2.811930470107353
2013-04-30,0.24424746152688045,0.07242289755281094,-0.09417192072269523,-0.017456136900076084,0.28015477388939863,0.9250822175257228,1.4038182164313162,1.8452995126966423,2.4017892818695317,2.588813696130479
2013-05-31,0.19909270971548637,0.06009834870179403,-0.04663804114819787,0.1281235141728116,0.4994258004472117,1.2408707384108406,1.7754273018268645,2.2636837794592926,2.8769462653377453,3.0829695830761517
2013-06-30,0.1615441747826877,0.06179395752082984,0.01865347381304973,0.27861956747665956,0.7009459404531267,1.4953806408917738,2.0548477052956295,2.56179090589611,3.1966141142998823,3.4098095195702522
2013-07-31,0.16719447932385054,0.04310948024624328,-0.029596127838619056,0.21722434197494778,0.6538863924318103,1.492845159199576,2.0887343254307793,2.6302669120737208,3.3091563100621926,3.537178727095502
2013-08-31,0.10133615919035951,0.030389183313121546,0.03531583882617911,0.36341096168529063,0.8296655433899932,1.6738972611493934,2.258957046242696,2.786122874876791,3.444864759354188,3.6660403719719867
2013-09-30,0.13958225812595068,0.020714495231438177,-0.04262214455812825,0.21920238807336767,0.6669068180950913,1.5200788258015097,2.124084741054752,2.6723793676366814,3.359455899980429,3.5902173505589072
2013-10-31,0.17877511326996756,0.043151080962672034,-0.0461378957019959,0.18413799328951144,0.6156532717332086,1.4556202577750177,2.0553043548585483,2.601241634778548,3.286104321907527,3.5161498671269973
2013-11-30,0.21837506013980162,0.0617822144163541,-0.05076982523752603,0.17707615914054614,0.631250943624997,1.5269311022713015,2.16962741430411,2.755721655591756,3.4914313213861217,3.738573954362542
2013-12-31,0.15019685647843725,0.05646025721994209,0.037615578543632504,0.3691488622548112,0.8670725234523403,1.7837077981155143,2.423459419600359,3.0013420593829694,3.7241435511955965,3.966853093756404
2014-01-31,0.11437911417416428,0.02341756788807689,-0.0022491916102543295,0.28979285076100975,0.738598765163284,1.5702363279038665,2.1522645090986567,2.6785113929326534,3.336968219201855,3.558080444486687
2014-02-28,0.13819553299425655,0.045378216757510824,0.015898250555981486,0.3006705002973326,0.7433096395611868,1.5661230056482685,2.1427380309869566,2.664330831323108,3.3170783538413704,3.536277638034026
2014-03-31,0.07488342896954918,0.045562303920296365,0.10427763235535784,0.4677913875802401,0.924504890549917,1.717790745404487,2.2574499792403184,2.7404954897846987,3.342575197769981,3.544668944425158
2014-04-30,0.05116472598697701,0.026027242446913953,0.08861906521158067,0.449541862739598,0.8981714521291095,1.6743446299275995,2.2014024830458263,2.6728574009336117,3.260341133874992,3.457530003703795
2014-05-31,0.07842545139098667,0.03390705476130508,0.06424536461954053,0.3796860997611241,0.7991747341218403,1.5425429565578697,2.052850777122547,2.511117406980572,3.0830280353631596,3.2750221193210645
2014-06-30,0.061698792054969795,0.04409890220506906,0.11203004212265266,0.4616703241995786,0.8880731471025378,1.6205183113125856,2.1162281177048228,2.559104726653508,3.1107190117592105,3.295858624885073
2014-07-31,0.009623372998510824,0.03552119940239718,0.1640230859404419,0.5682202277521624,1.004977520683162,1.718394942388539,2.1895926820578673,2.60677871507432,3.1245739103171504,3.2982943433854546
2014-08-31,0.010848625770043984,0.03077463676333678,0.1439913385205308,0.5126730496152054,0.9155444232556399,1.5769322041859133,2.0148691240519985,2.4029754254458178,2.8848565873247023,3.046534585066817
2014-09-30,-0.022259233194205107,0.030289945053677374,0.19290314357793664,0.618460853302928,1.047584291706692,1.7258162030121087,2.1662252083822544,2.553631004049518,3.033242434335188,3.194106149773906
2014-10-31,0.00028958831112043537,0.028148825163413726,0.15181066524331055,0.5280222000487758,0.929978274175101,1.5831765883077404,2.013479732240882,2.394084443019525,2.8662948922563842,3.0247147912337513
2014-11-30,0.027625077554006536,0.04555561288981749,0.14925945689778114,0.4883590634682105,0.85938693014193,1.4688501329766053,1.872521806813531,2.2303005427800784,2.67454513760929,2.823596238868759
2014-12-31,0.014903844685427554,0.1057924783173932,0.30483186008217694,0.710270648827647,1.0695111511395639,1.5979879085824438,1.9276536042388668,2.213059208654993,2.564157054496894,2.6818322409746007
2015-01-31,0.031422117559666125,0.06665395285758009,0.17527153927175917,0.4589513264923416,0.7447624316693614,1.1962937690227669,1.4894281940144223,1.7472611938815497,2.066449404589623,2.173506070640931
2015-02-28,-0.002078455128602094,0.07691920863687073,0.25607813267082236,0.6332433848399033,0.9741779151117453,1.4818091095714168,1.800716446311021,2.077601808827227,2.4186117060458283,2.532920743113772
2015-03-31,0.06733841372519435,0.1110363173959986,0.23836574649079223,0.5605019872398536,0.8805756932886182,1.3826802275156598,1.707425004803549,1.9926465646668672,2.3455383727711494,2.463891672102322
2015-04-30,0.029672315569936505,0.07206909324151105,0.203942215122487,0.5500032514514415,0.8993719984085048,1.4518745968072588,1.8107525177341672,2.1264772172817548,2.517365287977606,2.6484715064053375
2015-05-31,0.035870783995046174,0.07697880004659947,0.21045836145089072,0.568579217509526,0.9334836636045079,1.5132150996341955,1.8906926676222664,2.223090532501839,2.6347723038736954,2.772858569761439
2015-06-30,0.05053047332407849,0.09400696264671442,0.23723785649893495,0.6242789916519844,1.0198071478557424,1.6490974642690697,2.0591537438951333,2.4203445453152677,2.86773808900968,3.0178047255334017
2015-07-31,0.1060247544807314,0.14922225601994568,0.28437302848137136,0.6401347505265703,0.9997679447588226,1.568875926850124,1.9386678641673447,2.2640376812945058,2.6668882414120647,2.8020075520085235
2015-08-31,0.16587193341228101,0.2107616923858554,0.34678000530549796,0.698676947398886,1.0517773368224133,1.6084714175254375,1.9694849761849953,2.2868892411186956,2.679759528561646,2.8115269212842953
2015-09-30,0.06628239034721908,0.10067327937703086,0.22161251754235162,0.5584941325413463,0.9069555700173061,1.4646408328824998,1.82915673482567,2.1506127077037585,2.5489726455139787,2.6825991892488465
2015-10-31,0.14238176036747485,0.1891750287979429,0.32700435175873543,0.6779124348888603,1.0275548272082844,1.5768332788299266,1.9323616585407866,2.244713392872992,2.6312176336083444,2.7608456331266558
2015-11-30,0.2953464946780206,0.3568592053028847,0.5113804781728077,0.86545001694335,1.200872474993021,1.7138803551660244,2.0411180206027586,2.3269745610868893,2.679892521600109,2.7982258714541355
2015-12-31,0.29358537286107306,0.38936871656709005,0.5911696004773387,0.9864440493359933,1.3279638222432577,1.8225118651842875,2.1281123098062555,2.3916582404457425,2.7153567173971043,2.823829305681862
2016-01-31,0.4106468998404931,0.39433288607846045,0.43260816945242725,0.6574091753420085,0.9376367221320798,1.4229710983899178,1.7526968575939146,2.0476898933447636,2.4153081569310006,2.5387001408949406
2016-02-29,0.4739694953863181,0.45182106970438435,0.47471266502408543,0.6630050840237905,0.9080293182491466,1.3390015409098621,1.6338658732118945,1.898341998543093,2.2282527436362947,2.3390002113111334
2016-03-31,0.36392598265125187,0.357969944259098,0.40643072376409867,0.6271812800142583,0.8901332591483141,1.3377093886122238,1.6393262092699847,1.9083737617567487,2.2432764463890544,2.3556730041349687
2016-04-30,0.3571124999971658,0.36009279407660655,0.4225683966649018,0.6608443781892355,0.9332412660582311,1.3892248729126027,1.6940615707822932,1.9651809124521924,2.302277469452519,2.4153958394142476
2016-05-31,0.45557026387709226,0.4698244922400879,0.5441412762182247,0.7810445374695171,1.0381549570530693,1.4589605732718485,1.7371702645544664,1.9835819701231028,2.2894633466431964,2.3920883185493964
2016-06-30,0.37045502695799865,0.3352354791855082,0.33483723131752435,0.4862744177521816,0.7044854185383844,1.101282281484854,1.3767724029380726,1.6251628803196454,1.9356262437575107,2.039868617748322
2016-07-31,0.377027664454206,0.3661907979058284,0.3958633551843637,0.5622714670991495,0.7682030181055901,1.1238965838104988,1.3652445709018584,1.581071169725051,1.849985661900854,1.9402457109126032
2016-08-31,0.42658481408755256,0.4440787340709669,0.5133478684141665,0.7158762280735134,0.9292311662072873,1.2736750834087263,1.499824390426709,1.6996006189126462,1.9473368715219992,2.0304442248764345
2016-09-30,0.4152745648628856,0.41652395033590506,0.46610536228220006,0.660052645569205,0.8832022425231756,1.2577465746918168,1.5084630369936778,1.7315551504732065,2.0089885624417496,2.102087909826174
2016-10-31,0.46842995036834123,0.47280464369802444,0.5327842486491543,0.754964304990372,1.0070217565214352,1.4276026399733406,1.7083322429888996,1.9578659555428215,2.268054051099248,2.372140206168364
2016-11-30,0.5372778329041868,0.5973310245106769,0.7456293533718563,1.0810172722003504,1.3965721674020382,1.8773634409199056,2.183401086953628,2.450513866154567,2.7801804803468824,2.8907134752359154
2016-12-31,0.5450389961024772,0.6237032154771994,0.7985561175932413,1.1598549512138996,1.4828150024351103,1.9604721395436693,2.25937822991421,2.518486906377816,2.837400056720063,2.9442943846223204
2017-01-31,0.5607308524119984,0.6322745716935432,0.7968303839712028,1.1476632078985909,1.4671499447329257,1.9449287569580231,2.245841155721299,2.5073692258813964,2.829596900135156,2.9376150005958674
2017-02-28,0.5859374597157803,0.6650234227759954,0.8363279604265589,1.1815255592032372,1.4853216693618483,1.9303697926334549,2.2073043098189116,2.4468150321367954,2.741333729607617,2.8400410643198013
2017-03-31,0.8350177036459848,0.8673940132537491,0.9699146012118215,1.241485252028629,1.5167382827266187,1.9528921651618134,2.2364910807994383,2.486088936620406,2.7951564958452377,2.898821468706309
2017-04-30,0.915400023070021,0.9241715390038804,0.9894982922044695,1.2140748371129013,1.463566818103813,1.8761446542640527,2.15032136610322,2.393630264628878,2.695887322562459,2.7973048829463116
2017-05-31,1.0767554021228185,1.0521542969394657,1.0651603443561732,1.2243586778261242,1.4386601648213593,1.819977387835804,2.082221342379508,2.3178749262212426,2.6120406852831892,2.7107967722143247
2017-06-30,1.1046114375202902,1.1093669266583213,1.1619114028494932,1.3525387420051678,1.5675830891672478,1.9255466816909679,2.164201462857717,2.3762437136106436,2.6397827659177797,2.7282137777223823
2017-07-31,1.140077106386102,1.119557316145503,1.1379550532847498,1.3010999524994868,1.5150148690223189,1.892260862289527,2.150672677951669,2.382551688274922,2.6718475983202903,2.768962875825433
2017-08-31,1.0970094635774192,1.0823635720337035,1.104199507085723,1.2556463439678152,1.4488742929612584,1.7863783203482286,2.0165636216955747,2.2227912623944572,2.4799296333512055,2.5662439825846177
2017-09-30,1.1486358810213904,1.1625667859443227,1.2264729926097242,1.4229182886710825,1.6335552254973826,1.976410560572929,2.2024581758732524,2.4024607452753326,2.6506312582293052,2.733890086305283
2017-10-31,1.2303559929253471,1.2585781284987176,1.3401068698089222,1.545316375070708,1.7487437951132523,2.0674869422580118,2.273509264592876,2.4544131094924393,2.6782155922286632,2.753273930011067
2017-11-30,1.356272717728749,1.4108419769968596,1.523549589662095,1.7396497210474198,1.923684561760731,2.1877056237767696,2.349926232291615,2.489491940747885,2.6607477257906296,2.7181299101972503
2017-12-31,1.459876032010177,1.5260953173796599,1.6493918746339162,1.8574495831176538,2.0180149087833246,2.232769582263749,2.3588181776294315,2.465145250303096,2.594558684782754,2.637880589096242
2018-01-31,1.514214142062109,1.6351828548063183,1.8384350208008504,2.130107997162066,2.321019569236558,2.540965270879074,2.6556939923648457,2.7470743315997757,2.85554979157713,2.8917570295112713
2018-02-28,1.7218393400672507,1.820509985983984,1.9927869112683572,2.2567938336346964,2.4427463639586735,2.6730334817530603,2.8007213908115176,2.905621852491027,3.031869774058075,3.0740770659733623
2018-03-31,1.7995365364306026,1.8858043950491779,2.034162165599644,2.2558791766248776,2.4079110353835844,2.591499861902014,2.691238877064007,2.772360542494917,2.8695635233348167,2.902043886116361
2018-04-30,1.9028792492455768,2.020369395741914,2.2127951541513395,2.4760484306994637,2.638264774829069,2.8128278733622345,2.898077280244021,2.9635226819422575,3.039888798099916,3.0653263616842223
2018-05-31,1.9692555226766844,2.0539312985521345,2.196836352171684,2.403544997393342,2.5401254171901484,2.6990416832750457,2.782673228644285,2.8495966233218004,2.9292077232703684,2.9557871535045104
2018-06-30,1.9800132678995326,2.0923254379742855,2.271711283551048,2.505028342641,2.6388572886470922,2.7699801914909803,2.8275116340242676,2.8687412959199206,2.9152092919417916,2.9306219659100887
2018-07-31,2.074788515012225,2.197765496894089,2.391832583751045,2.6378441435094397,2.7734220122080258,2.898550339292888,2.949180846363012,2.9833184065011866,3.0205079289484473,3.0327897275196474
2018-08-31,2.172147630222071,2.258702144291546,2.3982946215478327,2.5835191387075342,2.6929300517151513,2.8045417189688253,2.855957511713066,2.894033376845616,2.9376827392179026,2.9521910667704736
2018-09-30,2.2397615894181375,2.3532539007414517,2.5324810110299967,2.7600317274728767,2.885747261659404,3.002225092354121,3.0496210503393835,3.0817225253835003,3.116786090105801,3.1283697514953372
2018-10-31,2.406954613653844,2.4836418308373647,2.61299622421346,2.7999275928670264,2.9233031542386034,3.0666890948673484,3.142070178939411,3.2023589595462467,3.2740602159857843,3.297998134850917
2018-11-30,2.463267993969638,2.5081386640399734,2.589351033598014,2.720945889657133,2.818872782951983,2.9460907863204224,3.0192349935224687,3.080361941112143,3.1544695786660397,3.1792663361621734
2018-12-31,2.577925880951516,2.526180526884725,2.4648889657996125,2.443271828589131,2.4810943191531485,2.588122912551189,2.67385070116549,2.7547727758776213,2.857643584954675,2.8922485040728967
2019-01-31,2.511560384380251,2.460567299341125,2.4008291532399086,2.382189774885838,2.422547778519677,2.533213507088409,2.6211758927347666,2.7040204409785944,2.8092502188848476,2.8446455499465846
2019-02-28,2.535324057721147,2.490145876109672,2.440891306277055,2.4391410111099647,2.4919989057293868,2.6188301582574733,2.7160563371047677,2.8066309416839164,2.921226274779397,2.9597551312272263
2019-03-31,2.5068906810078753,2.411257020953746,2.285822270850584,2.1969800291557524,2.210247740946111,2.3127303609134926,2.4072745165283433,2.4999486259142474,2.6193181980467712,2.6595305556830797
2019-04-30,2.5314191549990306,2.426413156970888,2.29124356169958,2.2039810567248717,2.2304648592043876,2.363046998553177,2.4803000778671924,2.5940245882646065,2.739978875992249,2.789127669724028
2019-05-31,2.465660694677576,2.3063418018780633,2.0892871397453416,1.9087537978104274,1.8931760689168766,2.0004828838449704,2.11547548810576,2.232017846866795,2.3838052177064695,2.4349990604477196
2019-06-30,2.216049453577736,2.05483237338089,1.8401261999077334,1.677284719722634,1.6845071860090617,1.8317807481389774,1.9740758568516403,2.115093398919242,2.2974049188502375,2.358845144641849
2019-07-31,2.185281947627514,2.0669217537536984,1.9107831996776579,1.797228209149145,1.8094785010167136,1.9292959297481764,2.04160270961642,2.152111361709886,2.2946381346969678,2.342658253003821
2019-08-31,2.063638804996664,1.8943747947441694,1.657233583197947,1.4391427075577978,1.3921405275225083,1.454890743109778,1.5427056775680579,1.6359372608546352,1.759156475049482,1.8007794253989693
2019-09-30,1.9481768394924701,1.830948969208356,1.6722790289635376,1.543624600077667,1.5370081670431377,1.6241212956281685,1.7142005549669534,1.8048201981297927,1.9225600380181986,1.9622603084717245
2019-10-31,1.6241854996555882,1.5509630942059736,1.462441349121264,1.4246501993364213,1.4698285401672968,1.6072381072990396,1.7191355151816894,1.8252654355560347,1.9604109644732124,2.0058812950034834
2019-11-30,1.665646205524458,1.6085614805153787,1.5426776486396419,1.5257951590813859,1.5755888576409707,1.707241603923168,1.8109180642701486,1.908294002854434,2.031859374230459,2.0734176033199585
2019-12-31,1.6367378448092702,1.5752026344725911,1.5094290092340552,1.5123282634407338,1.5904437640524762,1.7734959797086303,1.9128281248100696,2.0423427479798106,2.2060737099816663,2.261117921510702
2020-01-31,1.6395052471708889,1.5196395433783891,1.3627298031036879,1.252615581884702,1.270680633873251,1.401546881670631,1.5216665560812745,1.6392646187818372,1.7906738947804957,1.8416772392748466
2020-02-29,1.2947344324813452,1.1380441573746967,0.931498309505509,0.7818008248566817,0.7987497604266112,0.9586003606874552,1.1081021154805453,1.2551328706230145,1.444729713346895,1.5086074552172455
2020-03-31,0.2068941509289987,0.14034338406021718,0.0771966596214834,0.11245314908347544,0.2341443154098211,0.494743940237675,0.6874112780694085,0.8648542260328896,1.0884145092340067,1.1635443873220255
2020-04-30,0.17518757921348158,0.1142702582479379,0.057529085038571535,0.09406463286746954,0.21039357252689886,0.45724640239193,0.6391765861064891,0.8065596537879514,1.0173657488734726,1.0882064809457994
2020-05-31,0.26576589408336676,0.16020556697589255,0.04334251146267048,0.032102766993315934,0.14732433935556052,0.42972893237277177,0.6475566913741433,0.8508682706866552,1.1082767234694841,1.1948283032261389
2020-06-30,0.27766791817844166,0.16659183122992668,0.042009076627660555,0.023694459159772804,0.13742144663291847,0.42193324456365106,0.642664418142286,0.8490513343415633,1.1105213989662617,1.198444872157517
2020-07-31,0.19244673532313006,0.09844412712164483,-0.005975687848903573,-0.017400281403461615,0.08356608569274473,0.3322906036469432,0.524418687203778,0.7038229595767487,0.9309995344881041,1.007387236199271
2020-08-31,0.23453697559234438,0.11944000584200784,-0.007115273437237307,-0.01588994354160848,0.11377289773349374,0.42847685841115296,0.6705324958757527,0.896261355491871,1.1819617220476246,1.2780229059846049
2020-09-30,0.2181576228182621,0.10858042176356437,-0.011008502076462789,-0.015755055625288873,0.11186815494080109,0.4185129801115095,0.6536745860621983,0.8727750594490563,1.149994279955409,1.243200452600953
2020-10-31,0.21316816878667785,0.10255483845054432,-0.012139024461723904,0.007300651540243355,0.16419981120038243,0.5209884707987315,0.7900411805814518,1.039405747703679,1.354312540728412,1.4601676146716014
2020-11-30,0.18991663748213186,0.08941522450058514,-0.012732213044243735,0.013219944671794484,0.16537850388869646,0.5057132127883365,0.7610036020619848,0.9972168112505033,1.2953321925465682,1.3955360838536446
2020-12-31,0.20315053533858635,0.08846490984509708,-0.030773855131347186,-0.011914845474968247,0.1492589655966842,0.5166554701609217,0.793919323582611,1.0509561216201597,1.3755803705999707,1.4847030038622855
2021-01-31,0.18542293232028367,0.06440229087117721,-0.05623002303973318,-0.015447350725262037,0.17881890085393723,0.6072239534442125,0.927093792756912,1.2226244600681984,1.5953998031674554,1.7206912402828194
2021-02-28,0.13680428616119858,0.036059963619436725,-0.044467052171060374,0.06948040701545738,0.3238673267277875,0.8364700051480854,1.2072959505840175,1.546387625985918,1.972475960706026,2.1156255262231354
2021-03-31,0.11734977615832899,0.02319553060444705,-0.03968158577608951,0.11660375104524544,0.4120285690205465,0.9881804827620477,1.399821620632811,1.774663410676505,2.244936048140083,2.4029023967360827
2021-04-30,0.0911841739941429,0.0064340596151882005,-0.046429240171765765,0.10926000643721069,0.3925695597855941,0.9404481496495188,1.330595854565102,1.6854665207747288,2.130495508923788,2.279975406426503
2021-05-31,0.1063923906660677,0.00778306258601753,-0.06558217894006925,0.06788698719837512,0.3422940097868421,0.8868039200249127,1.278439924752702,1.6358681222191693,2.0846723150218116,2.235441446684175
2021-06-30,0.09612735026229921,0.046127745713772345,0.03332956385162514,0.19912768696926378,0.45193010046049803,0.9193363352874628,1.2461505896303482,1.541547418512626,1.9111118978381023,2.0352113114740096
2021-07-31,0.12160667462319252,0.04929078929877255,-0.0004188565527789762,0.11392168403152582,0.334227211596474,0.7656401500926356,1.0743607140391953,1.3556341019356937,1.7085881401757974,1.8271493907594882
2021-08-31,0.09946325722507643,0.04218295897850975,0.014897001825019716,0.15407366408679418,0.38488299394983955,0.8213738454924406,1.129433808813752,1.4087819146374514,1.7586967274218581,1.876213827569263
2021-09-30,0.06570549442103243,0.04089774767062109,0.06431132564437596,0.2662582163576449,0.5303304312981895,0.9955918197866176,1.314158760323918,1.5999729104299845,1.9565383633646678,2.0762349307029435
2021-10-31,0.02113322572508002,0.07277848105845873,0.19876689721213783,0.4809772445225068,0.7451460565946835,1.1464942375018268,1.4015545484201009,1.624031917563868,1.898540424014654,1.990576967386691
2021-11-30,0.03609724590481451,0.10695850861854106,0.2539237152938796,0.536986858558097,0.7787986749288269,1.1264118886760226,1.3402597635373297,1.5243383292923574,1.7502618292574967,1.825963185932639
2021-12-31,0.08205404680136325,0.18540393224194038,0.377184342317053,0.6992858726812198,0.9468502193616763,1.276916791377457,1.4702212505948113,1.6331214604811566,1.8313101875187774,1.8976518966245481
2022-01-31,0.28697338524584454,0.4559855374882809,0.7364723176223158,1.1299582901581366,1.3804431290143675,1.6603932874828975,1.8023558579628316,1.9137087510914623,2.0449670877007864,2.088742356233082
2022-02-28,0.4534805788340598,0.6428034662691176,0.9467137270551765,1.346134204648753,1.5788187234466255,1.8117859273172967,1.9167659667057753,1.993388419684926,2.0805776155043105,2.1095313705339658
2022-03-31,0.6396931971686703,1.0071247267202248,1.5550569003873793,2.1618044944684383,2.418277475224144,2.5420098369010096,2.5256258516223062,2.4783626678746735,2.4038253165683683,2.3782195330647906
2022-04-30,0.986559740833703,1.3727422003896859,1.9519373488295932,2.6029213143585226,2.887857593716133,3.043782315037038,3.0439080355594683,3.009675213083298,2.9505415383933538,2.9300746997992078
2022-05-31,1.3068637615915195,1.5652276388011692,1.9655762551453144,2.452791466501525,2.7033013712484513,2.9084074156853292,2.976049785537728,3.0132918563386375,3.0485393349440977,3.059951114206241
2022-06-30,2.064637579867863,2.260181992045621,2.5553784685294105,2.8927249411792726,3.045944967348185,3.1399482019027847,3.150100014028552,3.1417472374175976,3.1229756468536523,3.116360950827066
2022-07-31,2.710408713780191,2.7274211227608944,2.756417053385769,2.7990915645690517,2.827857682792251,2.8620167960767673,2.880314743316123,2.8950917207916276,2.912742401327316,2.9186382012000154
2022-08-31,3.150094910134385,3.222841745246272,3.324573302474625,3.4175500815974162,3.436876214824228,3.408435124582819,3.369707000608827,3.3287591746990404,3.2747089808445486,3.2564534649878505
2022-09-30,3.5520514085753705,3.723885087411154,3.9641159118636953,4.183464787239393,4.228802424616511,4.161096897742803,4.069265846197777,3.972230337411379,3.8441695638824216,3.800917735059502
2022-10-31,4.431144833596234,4.453135228936138,4.475976471180676,4.472271100769771,4.44126344203375,4.370642985788608,4.3173623882971786,4.267973027417018,4.205598792224546,4.18463172975608
2022-11-30,4.643949208406692,4.579115144237592,4.465058196915554,4.288135535322338,4.1619540135037925,4.003911045528342,3.915501429453032,3.842559699571902,3.7546123233343405,3.7252034037264306
2022-12-31,4.6731336874846106,4.6133591708852215,4.5109232171891485,4.358745637285026,4.2550820065257655,4.130699302941995,4.063484251124923,4.008961261121636,3.9437066432345693,3.9219048222071096
2023-01-31,4.897377385347068,4.728939773330204,4.46309784672537,4.12600505648136,3.940147770790364,3.7684931432902555,3.69896492965981,3.65204646317166,3.6009084815270676,3.584019149676843
2023-02-28,5.087608306689267,5.025792058508118,4.907421669648048,4.70004060627631,4.534910003283856,4.308781124265117,4.173918296407632,4.059352671793642,3.9195032009717896,3.8726720621562296
2023-03-31,5.055082632951864,4.8198060460595515,4.459999584270509,4.035491398429608,3.829572997431864,3.680170965450426,3.64362581494319,3.632015158010074,3.627658944802808,3.626576457650106
2023-04-30,5.297471056638194,4.998132705639655,4.544222236153275,4.019670065250184,3.7756877242439315,3.6159094590349823,3.589725807691846,3.5930368632903456,3.609986686272384,3.6161573957852027
2023-05-31,5.722625469882512,5.405091582587178,4.919423945707321,4.346234823316494,4.0680168479497505,3.8658651090830385,3.8161973004152543,3.8002195153413827,3.793957417288663,3.7923679884284094
2023-06-30,5.602856139266371,5.440422491857346,5.16866779977006,4.781709788010866,4.530794901510123,4.244607422986498,4.0966857817054505,3.979442704292761,3.8405760298954785,3.7942369407050562
2023-07-31,5.695087195658102,5.5019857894134985,5.191422968337285,4.781669994263213,4.541606763344911,4.299386975477819,4.18922637592823,4.108327908181089,4.015982079647758,3.985303949748097
2023-08-31,5.687242478667701,5.485428474244737,5.168412225764335,4.770567437228304,4.554883218213587,4.360998748317869,4.285592052988689,4.236408495988626,4.183883858703747,4.166583009882408
2023-09-30,5.6871037439835,5.517770480379385,5.260439556962647,4.961462967731256,4.820847369501559,4.726091373776501,4.708349826174761,4.707614691117749,4.713958964716526,4.716361025656119
2023-10-31,5.69423547304456,5.528167428331329,5.284701162871935,5.027288704009388,4.930853955907938,4.907723802335712,4.937109880791026,4.978040270209487,5.0360690894038616,5.0558102330947845
2023-11-30,5.572004727396174,5.349275411739136,5.017870953649045,4.653051237709447,4.501032371212612,4.431834710577464,4.44565826611419,4.4777730526076205,4.5272656732521455,4.544233595742181
2023-12-31,5.5016394655206575,5.188934154463412,4.723758981081851,4.211992427482572,3.9990599353115863,3.9027457768808027,3.922714866401069,3.9683027096918853,4.038410337251379,4.062441345914786
2024-01-31,5.47203151061822,5.159527402062089,4.700105310655447,4.210598704315173,4.023207574725361,3.9697144117910117,4.018331697965228,4.089406035469908,4.19120571069311,4.225871641704459
2024-02-29,5.506149886119285,5.286547872002561,4.956725872264483,4.584680534925552,4.420492297985074,4.328190900603114,4.3256828546519515,4.3429801208915855,4.373908322800775,4.384641337755635
2024-03-31,5.5578457416671085,5.32012337507431,4.962682607698962,4.558314910268719,4.378698430830339,4.275615973898712,4.270779599787994,4.2876155602200345,4.318746727878308,4.3295770726755265
2024-04-30,5.533716559693481,5.403149866379218,5.204531531171782,4.973197926034898,4.86384339735525,4.789213546815765,4.774483363724211,4.772981464966293,4.776710250292008,4.778172093567108
2024-05-31,5.5490659128564275,5.377092812059622,5.117331688218178,4.820053623075587,4.684612633370457,4.60077868115818,4.591071672719278,4.597724150202026,4.613370461205333,4.618898365134908
2024-06-30,5.54383020848495,5.329525833255162,5.008824637486182,4.650436075565964,4.495631849617792,4.414685044803795,4.41835588411203,4.4406828341606515,4.4776399805165825,4.490387651996894
2024-07-31,5.448944176517726,5.142250787846386,4.694613508382687,4.227246677883008,4.058442894302091,4.031364785306358,4.096117176652465,4.181039207396706,4.299813870963235,4.34016691474936
2024-08-31,5.226850562526904,4.881888438274981,4.385140846217372,3.886580363838967,3.7281334080025856,3.7505605579618995,3.8588404091682524,3.985916655101219,4.158764106001471,4.21732465290635
2024-09-30,4.706773206827978,4.414957861782545,4.003107243560405,3.6149961366863406,3.5199269076998725,3.604484799252868,3.740044242204584,3.8866799046861784,4.081577602631266,4.147452094667986
2024-10-31,4.6124352461592855,4.473472166321928,4.281853918037405,4.115153589804854,4.090870365015461,4.166464284797682,4.2546975763475405,4.345606824253612,4.464638583961543,4.504807445300697
2024-11-30,4.586065776256723,4.452992601269382,4.266234417658557,4.093484070313711,4.055037093889728,4.101855102102268,4.169208014556793,4.24100445107368,4.336010790774673,4.3681076821044975
2024-12-31,4.3359580952836705,4.273897956180383,4.2032439621990205,4.188799293222643,4.247461409612231,4.3982108515798295,4.5160325900220535,4.626444009229626,4.766436479846124,4.813515352824432
2025-01-31,4.329031906813702,4.26334599220132,4.1886314625311485,4.173613605126718,4.236016573866589,4.396101172363067,4.5211602819384025,4.638337309067484,4.786900417108953,4.836861278982626
2025-02-28,4.35608312318841,4.232110544675448,4.068072757474417,3.9471408150435168,3.9576639816938215,4.079278199912928,4.194306444045306,4.307737042886503,4.454138779549529,4.503468311530134
2025-03-31,4.371414791403334,4.210215522062699,3.9971528059475268,3.8408425846261256,3.8556091863257005,4.015565638139908,4.166357175786977,4.31493717785582,4.506654291460919,4.571250826391003
2025-04-30,4.397718065786356,4.140541475938883,3.7985614023765195,3.5408980176753944,3.5548572517881123,3.793894054120924,4.023636281414367,4.2510386927826875,4.5449110550343,4.643943703082479
2025-05-31,4.500089648195458,4.286720241012048,4.0077071668787845,3.812891709679156,3.846433779531386,4.081716081635748,4.297100126814514,4.507824053217062,4.779073500620913,4.8704436924149475
2025-06-30,4.507870042106405,4.2461276288701875,3.897463048097477,3.6327597571363723,3.644110866347354,3.882584484299529,4.113183406359771,4.341754557026156,4.637276342289545,4.73686986746721
2025-07-31,4.500817685809378,4.293316049168891,4.02097180474126,3.8274758933353707,3.855417963941262,4.076356878028575,4.280540536794007,4.480771345587659,4.7387176900080945,4.825614152585511
2025-08-31,4.307980255129257,4.045782028951093,3.7045057485883137,3.471492839253413,3.5201076582885396,3.8216832429862544,4.094702139334789,4.361078699320832,4.703643238479417,4.819024149668085
2025-09-30,4.052934073992908,3.8657459653704507,3.629161360299378,3.4911938386367654,3.558781470926378,3.8294244065053533,4.061433315670133,4.284629311932571,4.570269509911259,4.666426746754812
2025-10-31,3.966105558649866,3.8037696046412464,3.601223438305104,3.4921414539988613,3.5629978968085707,3.8183139259248975,4.033331513325327,4.23919058789314,4.502201420176596,4.5907246002763955
2025-11-30,3.9556779275579115,3.7591536580632736,3.5098377158050362,3.3612432719782506,3.4278629202367648,3.7047013070995987,3.9433866478978805,4.173356716562769,4.467822862039927,4.566956972758595
2025-12-31,3.7387223315623284,3.590081569603492,3.417124132425423,3.3675146333836907,3.49062584560662,3.82241579986592,4.084991308128207,4.33197140297279,4.645542422402189,4.751010554049346
2026-01-31,3.7328408257347303,3.597779326187281,3.444690363498612,3.4159701189751805,3.546782343965868,3.8801532870093474,4.140117893990233,4.383565945839022,4.692161641494774,4.795938253304965
2026-02-28,3.7735772789510236,3.5937142647275797,3.3709501775678055,3.256728015766044,3.3429231317167147,3.638745807837682,3.88565244880437,4.121459873005767,4.422472449573802,4.5237765520492355
2026-03-31,3.7897198364207605,3.705346232956004,3.6192864233694872,3.639850201062421,3.7661737676257943,4.049507802481947,4.262231551777399,4.459115007650319,4.707619824984622,4.791149351671268
2026-04-30,3.7647564141875773,3.705901928033383,3.6577476034715937,3.7198489045778045,3.8632870003755104,4.1540393908251705,4.364837505124565,4.557737125302301,4.800192854360883,4.881651273741227
2026-05-31,3.780031713458914,3.7527091225400957,3.747104312008143,3.8432904799705665,3.987905271816595,4.254211102353589,4.440099453020541,4.60801861119421,4.8180514336883835,4.888578499948968
2026-06-30,3.984213570634195,3.9533500985460828,3.9351619350655778,3.9961341700783373,4.104259037126277,4.312114944685395,4.459781901162842,4.593988926393228,4.7622416264004155,4.818753789907649
2026-07-31,3.943233734631167,3.9498148291945148,3.993667480080098,4.141410593340849,4.304560230979159,4.57364784013014,4.752236251731695,4.910641364845965,5.107387087313168,5.173400587753258
2026-08-31,3.935259139379672,3.9283252206602683,3.951458580502614,4.074611965325875,4.225695928135542,4.4858023745467275,4.6620240404891105,4.819524074987718,5.015723375865256,5.081575300107218
