,DGS3MO,DGS6MO,DGS1,DGS2,DGS3,DGS5,DGS7,DGS10,DGS20,DGS30
2003-10-31,0.9178101578350173,0.8980607908913435,0.9891848659343584,1.4414283822727545,1.989297535782497,2.9279887256314567,3.5625246843096323,4.1291840403308875,4.834854218719954,5.071695517501335
2003-11-30,0.9625725954597599,1.0337103966796386,1.2544836940060609,1.8331414513429223,2.4170324344404355,3.340180146842272,3.939729618094631,4.4671588911779345,5.120137838164941,5.339150412345361
2003-12-31,0.9657760402203215,1.089305826168332,1.3795686364803956,2.0099992534714937,2.590214394336678,3.4632650713861146,4.015072748032243,4.495339908859265,5.087411725812013,5.285900548580427
2004-01-31,0.9392323689574178,1.0147185882478087,1.2398522630441062,1.8171488485803642,2.3941803136979325,3.302138074787497,3.8903304126598877,4.407262144412958,5.046997614757979,5.261558919085277
2004-02-29,0.9293994671436511,1.0059493889323157,1.229034471385452,1.7934712010784302,2.354313626387405,3.234131511292707,3.803174375956506,4.302963468704872,4.9213309439025545,5.128719841397574
2004-03-31,0.9372459735396269,0.962997587739407,1.1133860245805833,1.6062284443467654,2.145849552536155,3.0325234587641483,3.6198932102260217,4.140515721750084,4.786973793573135,5.003871269983823
2004-04-30,0.942750282207646,0.9364360107788265,1.0401493285972465,1.4846373809406765,2.0072008112359447,2.8920389426427207,3.4868459544626536,4.016941320040933,4.67655647834404,4.897920927123167
2004-05-31,1.073030269097687,1.2414635411120647,1.59295647022188,2.274486950551995,2.8593441748008788,3.7025741917934707,4.222255396852523,4.669928149154298,5.219533474789716,5.403698947739181
2004-06-30,1.253934251643527,1.45158303716407,1.8387111817580206,2.5365881460587656,3.1048881171439273,3.895764275261842,4.3724558126241275,4.77925826457485,5.2767758409379635,5.443414549674926
2004-07-31,1.5345143167137272,1.700971231804532,2.0360260746503567,2.660043724610431,3.1806794208415963,3.917472175354009,4.366343533308495,4.751152766683976,5.222651757928039,5.3806094214677005
2004-08-31,1.6316242575619493,1.764619549581352,2.0484618296151718,2.6119440579359217,3.1031072458273536,3.8183381363339923,4.261801792165121,4.644772631886178,5.115419356103115,5.273144970729963
2004-09-30,1.6771890504810427,1.7197383217845024,1.870885678131717,2.2937894188864245,2.731987059390919,3.4338730920737013,3.892840359318358,4.2976571935799495,4.799353520374887,4.967644630374451
2004-10-31,1.860855281904248,1.9116472534742859,2.0667989173433363,2.4699879352945797,2.875334378308118,3.5150190646131416,3.930065154084854,4.295047596333896,4.746843681874137,4.898375931529589
2004-11-30,2.011867861481658,2.0160021427405614,2.101116170888659,2.4254111388296313,2.7960499930081935,3.416421171016681,3.8311336578839597,4.1999685610798165,4.658556455530792,4.8124431405512365
2004-12-31,2.340560938093278,2.391058797963371,2.5358649574881995,2.898730747885653,3.2577242991119246,3.8196371928923836,4.1826329496713095,4.501303138591327,4.8955076134166156,5.027713691121498
2005-01-31,2.4248953614956896,2.4704589529300343,2.599967809748957,2.922761014161562,3.2413291829803867,3.7393360451481215,4.0608298681848,4.3429913054226885,4.691996889758982,4.809043038156397
2005-02-28,2.684026325679694,2.734590370890461,2.856676078166805,3.1278910523648205,3.380636411779018,3.763663521076362,4.006735621748641,4.218636504587509,4.480036087675173,4.567675269785873
2005-03-31,2.928542392210236,3.011414747621499,3.1742671034529044,3.4690239698086076,3.709789863227429,4.045576064357405,4.248249651466295,4.421311984101612,4.633018378232653,4.703929377882899
2005-04-30,3.0162414748011095,3.1409422157482525,3.3598490880084366,3.698255901743791,3.938769772554666,4.239075123574328,4.406659491167803,4.544763275672096,4.711194426151151,4.766844470753691
2005-05-31,3.082408465081906,3.144584157507392,3.2688722723703987,3.498487743811654,3.6889378824550763,3.957381768241636,4.120510857893986,4.260208881732777,4.431303185737697,4.488618915091525
2005-06-30,3.1307330017901687,3.16690507823367,3.2484436800525,3.4191481579216156,3.5729470389204963,3.801495630953606,3.944912279132059,4.0693736795706394,4.2226310028254215,4.2740029115011495
2005-07-31,3.289537806954238,3.3121831186177926,3.366495364794194,3.4864950439740165,3.5979909774194843,3.766674768632538,3.873620936469417,3.9668170597042347,4.081765770010142,4.120303850199772
2005-08-31,3.620201322228109,3.676137891829974,3.7745122280645855,3.927034212967673,4.035759390976826,4.171877984581005,4.247996953042684,4.3107880816143425,4.386491313160261,4.411805678210061
2005-09-30,3.6798993390476626,3.6720252478647106,3.675485998983709,3.723617422415619,3.7889385541331437,3.905482330020531,3.985729181187295,4.0578701416202705,4.14793821555079,4.1781760401095855
2005-10-31,3.811381345937712,3.8597151601440225,3.94410932340079,4.0734504586688995,4.164559399301626,4.2773993657560485,4.339969958961093,4.3913756333431735,4.453243282147065,4.47392694866051
2005-11-30,4.171282940766884,4.19518572797343,4.243258399661746,4.332703496390738,4.407277510875877,4.512762737344878,4.577007483666396,4.632076340884001,4.699547600601517,4.722151126208523
2005-12-31,4.18866847502043,4.215753858433687,4.265516508149337,4.347928069842706,4.410488050040392,4.493084649024205,4.541127033177115,4.581488509362359,4.6305299737104955,4.646943679655832
2006-01-31,4.284714332545857,4.292931149848118,4.3096882867865585,4.341367564358776,4.368082329647978,4.406160380600092,4.429462708030319,4.449477119824701,4.474019270913072,4.482241899443223
2006-02-28,4.564987063457984,4.531249284198473,4.488313538908125,4.4622607357622845,4.47306818975061,4.519534488559041,4.5598001888379205,4.5986476288665745,4.648413150903492,4.665167911932939
2006-03-31,4.733269873238925,4.723524027575384,4.705384214812925,4.674788985560883,4.651187539920378,4.619631123289147,4.601113510583766,4.585494728927656,4.566485504503769,4.560122086143255
2006-04-30,4.751474283478564,4.755674935119834,4.7669596787716,4.794084774812562,4.820403104261743,4.861179875620552,4.887376748901152,4.910325237203388,4.93868901560514,4.948200585298057
2006-05-31,4.836217700894037,4.8158802271345635,4.799236503058299,4.820680864017832,4.870229190907065,4.970670815576184,5.043493509781315,5.110133447060338,5.193893481358686,5.222034544871068
2006-06-30,4.98066006064336,4.97451184029037,4.973559689075652,4.996446616955899,5.030427966847203,5.092776116879288,5.1362295347593445,5.175461227671006,5.224522036166369,5.240995821613218
2006-07-31,5.139979696072769,5.132049019526816,5.123422758740354,5.123195907107719,5.132567830970767,5.154988822588581,5.172161191041606,5.188154397096965,5.2083870619643,5.215189546352445
2006-08-31,5.1323771799726545,5.07317657196017,4.992027768409964,4.9229560426205055,4.914864539868619,4.950861870431194,4.990993188084317,5.03198550336138,5.085510360606859,5.103567740719151
2006-09-30,5.076248847263874,4.985116961657321,4.856166066610561,4.733623295666172,4.7023834538703735,4.726180773605444,4.766765897884963,4.811001995643992,4.869930310494099,4.889852475947365
2006-10-31,4.965109567800626,4.882368465135511,4.764570237512373,4.650414186910275,4.618695799357213,4.634655287133996,4.667718650832256,4.704512188560161,4.753823600658398,4.770504987125698
2006-11-30,5.105707699514736,4.992094813253904,4.827525941148184,4.65944269566977,4.602760424826216,4.602576121899475,4.63316341387552,4.670498151018115,4.7218060710207155,4.739207227089925
2006-12-31,5.07667201319042,4.953720395686472,4.772713563411888,4.579109534800531,4.504209438535267,4.481188886526279,4.498993579472335,4.525778990812751,4.564365737748873,4.577512969113102
2007-01-31,5.072463973315214,4.9957617234461935,4.884715511693046,4.771470114720261,4.733470227583359,4.733795883352077,4.754747640516141,4.780221621370825,4.815194653192344,4.827054615263833
2007-02-28,5.155248775516332,5.085017635687353,4.98373636627237,4.881638891836716,4.8486911648063025,4.852096818197284,4.873363860945957,4.898543026804516,4.932871970092144,4.944505353906372
2007-03-31,5.13425406981266,4.9971650366713325,4.799243660830072,4.599054020131182,4.5337002505900115,4.538596145477539,4.578934519002486,4.627038096507206,4.692746871472824,4.715018534252156
2007-04-30,5.03040048562735,4.8968015644533125,4.710840285046176,4.543578951468169,4.512129128498401,4.571164939503514,4.646849466250013,4.726109975325217,4.830422832347542,4.865643661147309
2007-05-31,4.974456186043311,4.8601434219877895,4.700438735171469,4.554956457341451,4.525305276775154,4.571204587544245,4.632870556101507,4.697935686950153,4.783765292838692,4.812752396836782
2007-06-30,4.893644898654174,4.884230133229071,4.874488941121878,4.8762275145407346,4.889679144418791,4.920210667380065,4.9432206283688105,4.964542804546791,4.99146737887994,5.0005179334989815
2007-07-31,4.889511824134243,4.867068799863556,4.843968269205041,4.84859778913416,4.881225860825666,4.954953046314515,5.010438411165465,5.061830845748641,5.126715951305725,5.14852634383003
2007-08-31,4.9498772809022284,4.832927160949313,4.6748062569608395,4.547152704852059,4.541358252426331,4.629622102895758,4.72039760325441,4.811612381581789,4.930080557855061,4.970024796246564
2007-09-30,4.137907388080646,4.093647182263376,4.052722995450757,4.080481884040721,4.166407832330183,4.348127803553642,4.481897329292433,4.604923431264404,4.759843313747805,4.811902839716272
2007-10-31,3.9664524016244083,3.926695333611213,3.8981072882063916,3.9559047559431555,4.071156515895464,4.298461748758515,4.4615694764499745,4.610313769555425,4.797029482473747,4.859751821595017
2007-11-30,4.020431760397118,3.9540405948471817,3.8852027405834635,3.896880612287817,3.9910645473965034,4.205231957344275,4.366732996652322,4.516415593405622,4.7054400884337895,4.768980157310481
2007-12-31,3.2441626859939676,3.1235645288577993,2.9937003384780083,2.995524084259557,3.1441472746432733,3.4953746930720193,3.763398755587611,4.012735548076648,4.328035804646652,4.43403901762092
2008-01-31,3.3807201525011243,3.225455652739,3.0470762338745754,3.0044458855788108,3.143688658788777,3.5081816488093875,3.7944682205301095,4.063146438904062,4.403990004026341,4.5186209624142135
2008-02-29,2.003279566655079,1.9177336491128194,1.8689413598096845,2.04445889070589,2.3517042101039745,2.940536953155734,3.3583510264220813,3.7379227705494715,4.213709625690888,4.373512559959798
2008-03-31,1.7406898002495452,1.5703481227074085,1.415974658335121,1.535391261521485,1.8806650512257495,2.6045728554353316,3.135847941848197,3.623970888582232,4.238411021913702,4.444880082082999
2008-04-30,1.415292024420982,1.316050534781384,1.2638461286573823,1.4851539198180066,1.86208069872488,2.579675272528781,3.087499476307589,3.5484217805901332,4.1259813600917,4.319959363303596
2008-05-31,1.617025626535178,1.6620947539750677,1.8041042906181846,2.179313667728902,2.559201141003188,3.160831236620967,3.5519165751661284,3.896076637515724,4.322218696317805,4.465151171739394
2008-06-30,2.018023396930105,2.0723028876798044,2.222474510778946,2.590483616265331,2.9508409805813236,3.511879948098499,3.8732677018704487,4.190170032022059,4.582013500866309,4.713421172250041
2008-07-31,2.1198363746032562,2.164673361139606,2.2944500746043657,2.621477679108058,2.945833680391066,3.4541912329503526,3.782819453544395,4.071396990481311,4.428414210044027,4.548150082053083
2008-08-31,1.9028496183793169,1.964470212976325,2.1241902603580955,2.4986962662171472,2.857661147250965,3.410203743668823,3.7639120630909426,4.073324814466887,4.4555378932060945,4.5837019520746365
2008-09-30,1.914353363070779,1.931191728134133,2.0260431692672642,2.334291374701839,2.6709079936187505,3.223367691050482,3.5891255794393295,3.9132482610694517,4.315677518633334,4.45069795127438
2008-10-31,1.350811512419951,1.4303407566402393,1.6249690908289123,2.062029894973632,2.47170129393704,3.0945805672382134,3.490594112696992,3.8360768925238538,4.262387007273912,4.405320313384403
2008-11-30,0.7673202201183084,0.8437357996898238,1.0573895105912998,1.5844846707398188,2.1022340415066574,2.909632984224622,3.430170303135167,3.88678872113192,4.451465302734047,4.640836776928597
2008-12-31,0.37013912665447185,0.41779588073063584,0.5730224045269976,0.9901358301798533,1.4154210965052598,2.091293211314047,2.5314429399979432,2.9190530143982927,3.399128250131331,3.5601554986883346
2009-01-31,0.27310212845511816,0.2824322681827237,0.36763047935925514,0.6696865298493332,1.0082516775999988,1.5702837129249938,1.9444874227301203,2.276796830854125,2.6897307703126554,2.8282884805966964
2009-02-28,0.33279701186784444,0.3346771530686739,0.4329420793278382,0.8199141465002463,1.2658962744399205,2.01496975106217,2.516559717969019,2.962938770863234,3.5180744418869523,3.7043643541286597
2009-03-31,0.4040474179998868,0.4271752341158302,0.5570983813523321,0.979047136548457,1.4397329884054948,2.195747029467797,2.6962457201068712,3.1397636112116705,3.6904297008491693,3.8751854457182118
2009-04-30,0.35424572881013044,0.32604783140120236,0.37946167234019207,0.7167764138356253,1.1417765571229148,1.8807430826867861,2.383688866942245,2.8339499118464984,3.39520341871556,3.5835948597312237
2009-05-31,0.2210169751169562,0.2431723046605629,0.38369201850924545,0.8524772876344522,1.3685997321544399,2.218736228003785,2.782587350115034,3.2825919621621393,3.903559187335834,4.111908220638731
2009-06-30,0.18498408052615822,0.2267718270861618,0.4045999047507003,0.9381008912259321,1.505338904050007,2.4250558633354076,3.0302393738966695,3.5652946329865687,4.229017073611785,4.451682285255426
2009-07-31,0.26426760067724575,0.35216799773645946,0.5895187666358347,1.1619995764286142,1.7183709145525983,2.581150432605515,3.1357044511050725,3.621585238167802,4.222166700959849,4.423568649670645
2009-08-31,0.21421721463268803,0.30693434129111746,0.5518224296786022,1.1336822082545988,1.6950664106688254,2.562246333859325,3.1184478944083853,3.605367053832267,4.207033593173092,4.408791906078676
2009-09-30,0.1790807851198647,0.24917416299078324,0.460789549340702,1.0071599263504825,1.554918225439853,2.4181250015310485,2.9777788434652885,3.4697834564924,4.07874518807864,4.282988108341429
2009-10-31,0.1583827000231994,0.22959740803181616,0.43940460256303304,0.9736314116347887,1.5059604049143482,2.342257743465172,2.883571288357215,3.3591485157518033,3.9476294300870816,4.144997570577296
2009-11-30,0.08636858398871172,0.15200959274140638,0.3613149319144026,0.917742941323112,1.4825609755805105,2.3782131929604926,2.9608184896147325,3.473651867239593,4.108711738369253,4.321719875813884
2009-12-31,0.0524594301258245,0.04403969881645037,0.15121290602953613,0.6187626279609408,1.170598416616384,2.1064705521791285,2.736054393726759,3.2972974805848425,3.99574512513743,4.230144410683699
2010-01-31,0.10993925217004488,0.22678570431517844,0.516830672139498,1.1754262258961206,1.7963868232166071,2.743619053903155,3.3469566349780284,3.8736932639229518,4.52385133451435,4.741843572841454
2010-02-28,0.04781521561283168,0.08712414498722887,0.269536425094539,0.8322424960454597,1.4363229431928375,2.420128298592427,3.068939820044292,3.6430558708289738,4.355469256305041,4.594478217431455
2010-03-31,0.08586458577532874,0.10694918794703004,0.2641070106304983,0.8044498574446565,1.4047649840178031,2.397506722856014,3.0572344720571576,3.6426895827925367,4.369987950274287,4.614021413545502
2010-04-30,0.14062679062628738,0.20621742211367236,0.4269835683573896,1.0297165471336804,1.6482351968118938,2.634315154377656,3.2775470873060253,3.8443585083564797,4.546559638530928,4.782099183254977
2010-05-31,0.157677321572229,0.21017302290457454,0.40713521054520624,0.9710490543131056,1.5605084207066524,2.5086525615803543,3.1299961138556016,3.6784857355958875,4.358459129519044,4.586560584971956
2010-06-30,0.14597205413592937,0.14735728574658405,0.2656550952426842,0.7353336815577879,1.27772382076182,2.1894800219338646,2.800248747437578,3.343869465460107,4.019977712699046,4.246864512408374
2010-07-31,0.1675844669373049,0.12033840168340365,0.16259702689090064,0.5378240677209978,1.0298825706519827,1.897681937062101,2.492132315608745,3.0255504119995873,3.6910530423426815,3.914459215480719
2010-08-31,0.13752252051554495,0.05511030739665661,0.05102570316312263,0.39270445877619065,0.8886229679223541,1.79239224906844,2.4204587863273748,2.9869315220835944,3.6950556877792424,3.9328215394546233
2010-09-30,0.1673898551441662,0.07099752027238888,0.03210831288978453,0.29457866828715024,0.7157265874563824,1.5053635234890326,2.0607070102956366,2.5636805184376112,3.193422195224752,3.4049069209342866
2010-10-31,0.1662828833976099,0.03926787163200599,-0.036964471128397604,0.20840604407729546,0.6469480474772639,1.4915266975614916,2.091974843425489,2.6378266920585336,3.3222140829863234,3.552086246133504
2010-11-30,0.10873008573669078,-0.06048080151415355,-0.18508658648103454,0.049117873995748636,0.525987507915843,1.4704414868442803,2.1492413126678427,2.7685992968663946,3.546224037046713,3.807452915733852
2010-12-31,0.15446470431162768,0.02369219350912381,-0.0451464740656376,0.2462827694015537,0.7427437992856796,1.6879573199240991,2.356875939354304,2.9640185872847096,3.7248019165537474,3.980317158449933
2011-01-31,0.10773430255925179,0.06343543611736399,0.12375573781307833,0.5588057965820865,1.1165824931206998,2.0925245466118283,2.7586654758783338,3.3556448069191624,4.100079989926607,4.3499696701224515
2011-02-28,0.09258876126235877,0.018463141511870923,0.044735295291218745,0.47247677299888813,1.0580227524712564,2.105702336736073,2.8279908848151307,3.477608894154705,4.2887957999944835,4.561134179866851
2011-03-31,0.1108826086214559,0.08461475118295339,0.17307815014744746,0.6429472192721547,1.2191528041374358,2.211001296031442,2.8829302060178574,3.4834587841881848,4.2315356818386975,4.482618377670891
2011-04-30,0.101119546803197,0.10935101308651243,0.24532710655144832,0.7563446346119652,1.3383043132079107,2.3109236123067713,2.9606377907339856,3.5383212850783186,4.256504105387907,4.497499290088801
2011-05-31,0.04123984669999541,0.0008792070051054273,0.06910391241548423,0.5188263912361494,1.0888151190303959,2.0820110447839846,2.7586525653612335,3.364629926882866,4.120088245474087,4.373670729496554
2011-06-30,0.057264609782277286,-0.035341224718706106,-0.04501171703339978,0.31849921624367544,0.852091877870638,1.827815282296899,2.5068675643856633,3.11963750776894,3.8857841378690647,4.143037658863467
2011-07-31,0.028259475297709374,-0.060202886295921264,-0.058406293191006174,0.33321142407436244,0.894329061385999,1.9129081105735217,2.619566174844029,3.256543989084431,4.052623296846831,4.319914972403273
2011-08-31,0.11292570144074743,-0.04329937454920331,-0.14552071410464607,0.12226890276052826,0.6222673736366127,1.5947668660589112,2.28885517442398,2.920669026789227,3.713230004160289,3.9794502600442354
2011-09-30,0.0668556131159907,-0.11291866501939657,-0.2632818775998547,-0.08675205337110764,0.33614071118704525,1.1985974496186158,1.8252905580367664,2.399199379727033,3.120746244500478,3.363173490775512
2011-10-31,0.12032973865012901,-0.0034519987933388455,-0.09579930184275837,0.0707204536836079,0.4139941901140582,1.0955134194265612,1.5857900996208365,2.0332729804892486,2.595168248003655,2.783929177110314
2011-11-30,0.09525303796868873,-0.039147768552836526,-0.13753483605703243,0.050840661837105214,0.432332709812323,1.1870785276008713,1.729308879510565,2.223988512856113,2.845043356079646,3.0536742333915985
2011-12-31,0.10604237400302209,-0.024285931358383358,-0.12067561488164537,0.05803560364205294,0.4233850629470379,1.1475474930771132,1.6681771930343876,2.1432644127204794,2.7397752008384195,2.9401629945903087
2012-01-31,0.1314945342085315,-0.007083167184687793,-0.12144268739885739,0.020854322714200978,0.3540436784937856,1.030990109241727,1.5222011916125162,1.971831798906475,2.537032701444376,2.726926796573873
2012-02-29,0.1623588816606079,-0.006675698515431616,-0.16318965744668196,-0.058060083847551486,0.2690757439854585,0.961359377301723,1.4710837022171275,1.939904589236155,2.530280358187091,2.728671768968023
2012-03-31,0.19310736579082496,0.04290716811272065,-0.08468597533725011,0.05489908153322228,0.39906669901787417,1.1042319486659606,1.6174995785267081,2.0877999169315977,2.679208504752206,2.8779161400931312
2012-04-30,0.1757113710057868,0.034877733455235024,-0.07126072487348106,0.11389738797386688,0.4994774616173326,1.2664953891522943,1.8186905077255704,2.3228134870095927,2.955889925617787,3.168565393775981
2012-05-31,0.21635311452722022,0.047259253490624625,-0.10648080433675786,0.010060740287108003,0.35048814889824254,1.065193023726335,1.589962158655241,2.0721821336381936,2.6792265294876496,2.8832117091474903
2012-06-30,0.23900795938874494,0.08378829453010138,-0.06541014859122185,0.009106889014393204,0.28399806103009,0.8767683790780992,1.3160553686484144,1.720939988805181,2.2311982057150357,2.402681417949086
2012-07-31,0.2583114233300839,0.10893176354069298,-0.030148791719752353,0.05967775349782938,0.3452085499894199,0.9509922698461111,1.39742342413038,1.8081488444913203,2.325421641484789,2.499249396220731
2012-08-31,0.2584153584021548,0.09069531234913311,-0.07841943051652425,-0.029671997247630984,0.23055409659349363,0.809117728473948,1.2422610778660752,1.6427879601598632,2.1481617672783173,2.318026021148618
2012-09-30,0.24364034378670468,0.07018150268935458,-0.1036075706784674,-0.04871985981388339,0.22559096244574137,0.8326708527776803,1.2864796911132377,1.7059146375587193,2.2350527180005177,2.41290106237455
2012-10-31,0.24290121095037664,0.06263878449728516,-0.1167944152349332,-0.055039352210964586,0.2354920148234556,0.875575444352254,1.3533453860847677,1.794717051563081,2.351432157486981,2.5385457962097147
2012-11-30,0.2565024387259207,0.09393854380575255,-0.06049799489446552,0.024868371079765837,0.3212495972688153,0.9563458813924142,1.425988867681544,1.8585514162016181,2.403550878679352,2.5867044326600275
2012-12-31,0.2411842789942537,0.0696646900437068,-0.09893479946591167,-0.031605376988747165,0.25476192235316386,0.880509220430777,1.3463064771426492,1.7762417860834814,2.3183573245018065,2.500557529299197
2013-01-31,0.20059476125663198,0.03761040933076998,-0.11322638262170083,-0.011557754935154678,0.30421871755700125,0.9723122556624461,1.4641867017158197,1.9165784569808113,2.4862599543382102,2.677697006471567
2013-02-28,0.1869874414949504,0.029245555800821457,-0.10658700437525301,0.032636511685763314,0.3855474610033628,1.1117496814644676,1.641156833344734,2.126496280036629,2.7369341301391947,2.9420397836815333
2013-03-31,0.22328440100836128,0.04580217812668254,-0.12070555996346034,-0.019055527166996152,0.3143123723427167,1.0241654673134961,1.547949959174176,2.030039354773459,2.6372809091426395,2.8413457773692805
2013-04-30,0.19607011764784552,0.023555800018560745,-0.13569731216551406,-0.026461974552598837,0.3096573609575209,1.0199778649788058,1.5427327773985795,2.0234637623778213,2.62880274062797,2.8322211300280027
2013-05-31,0.19389110330160794,0.024290489938725107,-0.13725089340278745,-0.04987797154986717,0.2573763059883756,0.9166709531515815,1.4044360194533874,1.85375776245372,2.4199043228924157,2.610165786092951
2013-06-30,0.14564771253523423,0.013419406063817354,-0.08211821952443306,0.10827531171606924,0.4894657421136723,1.2418831086201791,1.7819654665790583,2.2745396144051533,2.8928824810417617,3.100599767655587
2013-07-31,0.12463448559244032,0.030962548749693317,-0.0025142175261939023,0.269899706923065,0.6992612816079304,1.5004429445612566,2.0627894191359997,2.571755482173863,3.20883422021452,3.422776737208987
2013-08-31,0.0955583950441928,-0.01498582836843403,-0.06701508446002745,0.20411050314210671,0.6524772392301859,1.499787982656699,2.0976151920973067,2.6396689088971166,3.3186260604494087,3.546649380279407
2013-09-30,0.07542687992012455,0.010331622227969297,0.024160663926738074,0.3626266362567759,0.8337856990026011,1.6813679668440422,2.2670918152732926,2.7943284173211764,3.452907491211297,3.674019032018792
2013-10-31,0.07002941844433162,-0.03523490012233821,-0.07790458809473041,0.20791494987826925,0.6668886990182775,1.5276273786438255,2.13302801334183,2.6813544964496456,3.367887526495717,3.5984446530104246
2013-11-30,0.09902481518438916,-0.021644124550233353,-0.08811015304088875,0.1689571260172896,0.6133389685873789,1.4624281836768203,2.0641843126060495,2.610636226769573,3.2954979614962876,3.5255190725660985
2013-12-31,0.10182249357750067,-0.031366082761558736,-0.10871506458649709,0.15899106944372896,0.6309065792787317,1.5368315364580913,2.180068423412124,2.764562482730191,3.497278557361974,3.7433788597054014
2014-01-31,0.0823567424736658,0.004526532086666459,0.009242060738662657,0.3663977486845436,0.8746781301377204,1.7954139334969645,2.433614433718278,3.008701551267269,3.7273440655698376,3.968632286124167
2014-02-28,0.08028633453845532,-0.004081383872588057,-0.0195603938422927,0.28479651577853643,0.7398572867238393,1.5764962998663927,2.1600945296676426,2.687152751991506,3.346336087780574,3.5676814834975272
2014-03-31,0.10469776320247406,0.018158153709801946,-0.0015645228663952687,0.29516526689438055,0.7440293816078855,1.572058847431515,2.150473250238002,2.6731096656447484,3.3268861593668206,3.5464206240981184
2014-04-30,0.1061416958250279,0.07072915912881234,0.12060848669887124,0.4750598743238452,0.9286758296114466,1.721853340409772,2.2630865284848563,2.7480750035063535,3.352832529093197,3.555834722444574
2014-05-31,0.09237532854244458,0.058677529918316144,0.10884112257476547,0.45698458544395254,0.9012102998856505,1.6771456104185043,2.2063579714677073,2.680492267893203,3.2716756189215985,3.4701198132190014
2014-06-30,0.11313921574211615,0.059988236391651836,0.07806471250045575,0.38170924686432206,0.7980206584657998,1.5432762059227412,2.0571825692098096,2.5194205733062662,3.0966409307996647,3.29043077830738
2014-07-31,0.12191374614762142,0.0910346356817033,0.13966941157580542,0.4694172391198494,0.8889092261946173,1.6208519109256465,2.1198144304516076,2.566767778896738,3.1240220318735386,3.3110757229132255
2014-08-31,0.11223895586640795,0.11707062824957382,0.21450699364936934,0.5853220470683791,1.0090022677256296,1.718064869416728,2.192038022834739,2.613568397107369,3.1376702044948823,3.3135409847275517
2014-09-30,0.12325999264832924,0.11855954194987511,0.1956349052065442,0.5259942246758963,0.9143910027441516,1.5720556584841376,2.0141538031063693,2.408154812375108,2.898423583516418,3.0629560122341206
2014-10-31,0.10861960547322347,0.13454262764102468,0.257752293081347,0.6405589334282176,1.0525069813495402,1.724145916121022,2.16733304663448,2.5595800705704828,3.0463544876194737,3.209664898512829
2014-11-30,0.11516399515995354,0.11803052362099584,0.204955635072525,0.542042044863848,0.9290385821950609,1.5780045022994427,2.0122265125664724,2.3985427406153623,2.87892864209254,3.04013236675449
2014-12-31,0.14394552432457994,0.13525652508575267,0.19995904907232503,0.4978961885698935,0.8535808484183497,1.4595293421774735,1.86804069029245,2.2324953835787245,2.6861847584265623,2.8384482707628917
2015-01-31,0.20804327807260145,0.2589075726305153,0.39843757528246265,0.7384946845682705,1.0706216200383145,1.5870071943457777,1.9193872876687803,2.2107689400909014,2.5710156143183704,2.6918255109077553
2015-02-28,0.19351809127533007,0.18949932815284995,0.24012130675172869,0.46114445851387365,0.7220586813208179,1.1645813428262914,1.4622871956925874,1.7276806743141364,2.057955296646521,2.168795641163124
2015-03-31,0.16924709343372327,0.2115653189337801,0.3362500127412258,0.6537463551009984,0.9701213529699338,1.4671567707122806,1.7888767005879072,2.0715280553890913,2.421282126239311,2.5385846854702745
2015-04-30,0.20534837403639528,0.21745007059883992,0.2981704131246795,0.5701769331234456,0.870565805696452,1.3660190602295137,1.6948463426605593,1.9865123766165804,2.3487743710953555,2.4703230740020823
2015-05-31,0.14945415389260722,0.16482696820401957,0.25690655772088283,0.5603768460082029,0.8932392002589972,1.4406082424102937,1.8033500584130782,2.124917984040685,2.524232401256765,2.6582099160290693
2015-06-30,0.14448652255083994,0.1615248305735795,0.25956925142105797,0.579788223242358,0.9300288061675358,1.5052519344943238,1.8862139287220667,2.22385445945616,2.643088949779235,2.7837485756317855
2015-07-31,0.1466600958391826,0.16996944564011413,0.2834295656743358,0.6383885704303742,1.0212533363813567,1.6461316461790438,2.0586819941805814,2.4238867129432866,2.877137342900951,3.0292020246482747
2015-08-31,0.21157535426943985,0.2316837836371245,0.3328444269356087,0.6522537956755421,0.9978267536378491,1.5626205373409818,1.9357619340820196,2.266167049438456,2.6762703640072107,2.8138607909634827
2015-09-30,0.2714038150918475,0.29343565065217814,0.39578454413212094,0.711614362298182,1.0507041088295808,1.6029737362323684,1.9672003692118147,2.2894979569796488,2.6894344982587453,2.823610048572705
2015-10-31,0.16272182260594636,0.17506122377723438,0.263642975453471,0.5662288121421127,0.9017518124838949,1.4561414124907008,1.8244090197908671,2.1511661184742272,2.557064975870598,2.6932569944600764
2015-11-30,0.24563686320884823,0.26993311825894795,0.3746140550144534,0.6899819338001639,1.025785606636093,1.5706264944770183,1.9292616026510934,2.246379887021339,2.639777227955523,2.771754696052498
2015-12-31,0.41140943857230755,0.44876229108347854,0.5675347219429097,0.8828326506779686,1.2026932803803485,1.7097570094166121,2.039541034855062,2.3298131342974653,2.6892589040560027,2.809821819087874
2016-01-31,0.43438613157221795,0.5024699860807544,0.6629686737186953,1.0125210979358437,1.3347278983085642,1.8199846882073882,2.1268447578811003,2.393975510339981,2.7233202371378287,2.8337322636049764
2016-02-29,0.4679902498720572,0.4357537703007199,0.4512093382727288,0.6534354563059683,0.9268560398445881,1.4140780906675385,1.749373163499255,2.0507403934318593,2.4269695560178186,2.553276867858625
2016-03-31,0.5353238887751058,0.49548831337250354,0.4930285172112182,0.65623373813379,0.8936846172888389,1.3267335656019548,1.6277709447413844,1.8993156850969322,2.238776710448589,2.3527575899237543
2016-04-30,0.4332194110356122,0.40854520797082233,0.4299614314581949,0.623296299134444,0.8772301577958832,1.325315374926341,1.6323331615638659,1.9078536674464486,2.2516099306164636,2.367007762826425
2016-05-31,0.4293512870901009,0.41369379801485257,0.44913793019514087,0.6597015630585786,0.922639028338201,1.3783215824149397,1.6879944873359507,1.9650768505936795,2.310389275886459,2.426294787303779
2016-06-30,0.5390562127312171,0.5329119260255137,0.5774704215976111,0.7833471489997561,1.0292980656158643,1.4484168417367687,1.7310098029394883,1.9831378864962426,2.297003826126909,2.402341156997036
2016-07-31,0.421609040117834,0.36925618665851045,0.34440371618598975,0.47195478520008954,0.6833109097729388,1.082929616521937,1.364942521565445,1.6206637155958203,1.9409796260483985,2.048555953744925
2016-08-31,0.4506345431930596,0.4187323678094974,0.41783604180560857,0.5528554672294265,0.7480180646286023,1.1032409830049872,1.349967686458822,1.5724561715922756,1.8505598541363477,1.943937587226248
2016-09-30,0.519297420000116,0.5137779093154105,0.5492728940889344,0.7159887119884231,0.9158168342101917,1.256780977150705,1.4868186049261531,1.6921031320668032,1.9476772251983825,2.0334519166704066
2016-10-31,0.4884928390817894,0.4703961527053588,0.49182239825081836,0.6566164484764299,0.8694979862203052,1.2429738406962676,1.4982035693559717,1.727034193680043,2.0124345840000553,2.108238692212294
2016-11-30,0.5340511722620279,0.5220055503886267,0.558125552887476,0.7557124319246059,0.9992297653482045,1.419198436510425,1.703956272459565,1.9585364900404894,2.2757054159300734,2.382160681683483
2016-12-31,0.6298775055583177,0.6716858923660696,0.7928374972562173,1.0983420121361331,1.4014451306657125,1.8765694501896302,2.1837403545328087,2.453484613302659,2.7872064037581534,2.899129657545304
2017-01-31,0.6491396029654605,0.7079702958516714,0.8531595500913516,1.181357386593552,1.4900685030762995,1.9603653408071604,2.2596991022716812,2.5209523924934985,2.8433832467479987,2.951490029833642
2017-02-28,0.6575295856384998,0.7104475140465103,0.8471971975656566,1.167150515775719,1.473494444243359,1.9447625082120608,2.2463455612607874,2.5101271550257946,2.8359562268228258,2.9452129210236717
2017-03-31,0.6905764699358645,0.749418748147071,0.8904932828529691,1.202094714809108,1.4915665758101417,1.9294713917625201,2.207089898523825,2.4490099021079885,2.7473930847422188,2.8474299091774276
2017-04-30,0.9031531741442874,0.9213687774576577,1.0030903483083353,1.2525563907737955,1.5194069259925802,1.9532864399689565,2.2391886605839715,2.4920964283622964,2.8058879440117708,2.911161020178514
2017-05-31,0.9682136039539806,0.9649370108085348,1.0128362951826893,1.2196860475134217,1.4632802479271965,1.876028912714999,2.1535768677700804,2.400958540906957,2.7087978621887583,2.812108150826596
2017-06-30,1.1073865605318238,1.0739819046427093,1.0747002670346435,1.2227413497645088,1.4348134732525806,1.8197566881829073,2.086810815046995,2.327529645235873,2.628373044766293,2.7293842158903314
2017-07-31,1.158412725311113,1.150623548064607,1.185087160145426,1.3575179590660527,1.566723623105213,1.925373681534748,2.1678795585903736,2.384465939160812,2.654194822439332,2.7447232512855537
2017-08-31,1.1716366224032988,1.1424239248692456,1.14864449303427,1.300595771347206,1.5121047764790623,1.8925868762865399,2.1555176189536054,2.3921927511580416,2.687826815784549,2.7870830740848564
2017-09-30,1.139241274096105,1.1134494066956586,1.119464492078959,1.2557250381334828,1.4449021385871894,1.7849295510008696,2.0198191393643428,2.2312260820079794,2.4952843688943,2.583938882419962
2017-10-31,1.2083166333439894,1.2089453008849629,1.2535534214089044,1.4301993521511216,1.634061249447479,1.9766619593955115,2.206134644383289,2.4103694426672817,2.664374311311334,2.749612487259607
2017-11-30,1.3013370198476486,1.314528564953401,1.3740781487835447,1.5562173645721227,1.7511804421128188,2.06827417974442,2.2772538516137746,2.4621272414613227,2.6915114354256984,2.7684671253236415
2017-12-31,1.4509913601186177,1.4867567545551512,1.5716634746334628,1.7576789362313525,1.9297080379666955,2.1892814408599204,2.353603711813197,2.4967127522379955,2.6731818606897946,2.7323438575529573
2018-01-31,1.5671759026748675,1.6126178812553102,1.705059285464846,1.879325714707494,2.025989053126254,2.234758376403389,2.3624113750484885,2.4720145950464807,2.6063936163850485,2.6514153795967874
2018-02-28,1.6555565751231984,1.7518373917986791,1.917911616644941,2.1673607759256006,2.3393529978372043,2.5481459298167213,2.662072448908813,2.754934211275667,2.866310571540686,2.903531104619193
2018-03-31,1.840434443547389,1.9183186400551298,2.059463881814077,2.288607270930123,2.459426828102405,2.6816643396702147,2.809575468424548,2.916523275880273,3.046208765322588,3.08960315684904
2018-04-30,1.9132875158094655,1.9791945473680705,2.097163673341374,2.2851556047346717,2.4228561945293543,2.599388076132557,2.6999006337701528,2.7835217238947814,2.8847063337383148,2.9185556863690945
2018-05-31,2.0359792563354744,2.1309492348359558,2.289487956695162,2.514331389749662,2.659412970436037,2.824010216100453,2.9086670407400805,2.97558769762656,3.0547541202682065,3.0811677262523456
2018-06-30,2.0780333672636306,2.14345929027611,2.257655780719826,2.4325677821534253,2.5557011375981245,2.7081175814756264,2.7925957956847562,2.8619849132793465,2.945488100112265,2.9734046801627225
2018-07-31,2.1095396936322928,2.1998098924653484,2.346052130323038,2.5418709170883624,2.659040113651331,2.7805958974626375,2.837672764067572,2.880458014921404,2.929805739955676,2.946220337934796
2018-08-31,2.2084812785791206,2.3092686253834955,2.4698849367071003,2.677804684395813,2.796214642318326,2.911044303073776,2.960769798868841,2.9960750750292613,3.035668211210408,3.0487923966877686
2018-09-30,2.27850067014731,2.3465655347372265,2.4585707716242813,2.613204402774637,2.709641449327721,2.81491261973869,2.8670763844461065,2.907462498541932,2.9547779788827877,2.970546399592869
2018-10-31,2.360840697999291,2.4542613152071975,2.6033073411499266,2.796711254668184,2.907255740302338,3.0150208372438736,3.0620023193259835,3.0955198582345202,3.133205149500494,3.1457009771928104
2018-11-30,2.4940679048741194,2.555701925208019,2.662728967050842,2.8252881232309646,2.938718665603437,3.0779819611733146,3.1546687147729093,3.217458623600531,3.292916110695762,3.3181388216630188
2018-12-31,2.528398525425322,2.5612556178082424,2.6249606733062625,2.7383576156579323,2.829799033325672,2.956169752754592,3.0319934359295533,3.096574233338099,3.175492821494058,3.2019234137160804
2019-01-31,2.5762611544468252,2.5218545360954514,2.457860255623578,2.43693889897295,2.478800456687237,2.5948577795430747,2.6873568254528744,2.774543767028348,2.885321035782246,2.9225835031712677
2019-02-28,2.511022076585063,2.457182354021681,2.3944295529215536,2.376037100893438,2.4201394250840176,2.539493146675142,2.6340485050568105,2.72301568625677,2.8359829563416525,2.873979432311851
2019-03-31,2.536035987854777,2.488072858203118,2.4358226654393893,2.434127770366118,2.4904331781987246,2.6254011537976734,2.7288341180169917,2.8251820614997807,2.9470777826213337,2.988061000688233
2019-04-30,2.476776300621218,2.382423465253123,2.2604832397817374,2.1801276052318594,2.2016701245157124,2.317006915040741,2.419820901133787,2.5197434137700094,2.6480738083190287,2.691291181778471
2019-05-31,2.490547922403838,2.38872881381903,2.2599510345331915,2.1845433162464434,2.220887993454458,2.3673963864177825,2.493122674699727,2.6141071344547218,2.7689549004058134,2.8210830370739584
2019-06-30,2.3927758486969126,2.2405803319156226,2.0362343976853,1.8758522201570986,1.8749635400590916,2.0010238925149353,2.1266613208486347,2.2520468469425055,2.4145281962908602,2.4692992480847713
2019-07-31,2.140665278338704,1.9868339438477318,1.785187321131267,1.642767661788874,1.6646739597968465,1.830472384538087,1.9831881168366046,2.1328258955810253,2.3255428611202476,2.3904630467643377
2019-08-31,2.1455502159110575,2.0294875328944846,1.8783916545963688,1.7751308980135119,1.7965148047717983,1.9297798032162303,2.050479342854441,2.1682554194632457,2.3197230926046495,2.370739901834011
2019-09-30,1.9988129226700027,1.8339375960982207,1.6053172624933372,1.4024204068154051,1.3676872317010327,1.4474096829670167,1.5454146663728117,1.6473277552825927,1.7811570950357176,1.8263335245786239
2019-10-31,1.9188022056900564,1.8017064062878245,1.6447158828760169,1.5222408214642262,1.5226220842589342,1.6214026074588768,1.719266731439756,1.8168051946742414,1.9431451565962712,1.9857312510271874
2019-11-30,1.6230306152889036,1.546187272094899,1.45332732232057,1.4138254032801907,1.4614209520500585,1.6059337456242062,1.7235711713677944,1.8351332333771064,1.9771905971052612,2.0249862462088513
2019-12-31,1.67614867010838,1.614007969999188,1.5414893561753955,1.5198967589317125,1.570376626578904,1.7074217377374177,1.8160793451800152,1.9183394555320186,2.048196598930788,2.0918743792928565
2020-01-31,1.6377086528403435,1.5730580975425885,1.503576260598807,1.505101126512113,1.5854092694925008,1.7747629960272413,1.9191611078517785,2.053462826462756,2.223281627596004,2.2803738252132275
2020-02-29,1.6059263423206136,1.4869818815547764,1.3328585087636702,1.229945742417023,1.2552337322489893,1.3974850772638383,1.5249870725201526,1.6490754018013862,1.808517926695448,1.8622155908418332
2020-03-31,1.2356083083702656,1.0826326982369026,0.8832986820727088,0.7464600921913509,0.7737918791641493,0.9480049591955269,1.1061296583885625,1.260506729403201,1.459081851294751,1.525966542662259
2020-04-30,0.2107458073056663,0.13825940198381295,0.0670325108476845,0.09558910707286676,0.21673015909401314,0.48137856586708305,0.6783642402934442,0.8601795172917305,1.0894326387670241,1.1664824958092745
2020-05-31,0.18426329072142272,0.11650840033045812,0.050259474812092815,0.0782736764690334,0.19303826614675834,0.44298869450710815,0.6288434458550703,0.800328497524821,1.0165298318933251,1.0891921287049264
2020-06-30,0.238612854766225,0.13186160517333584,0.014326525804662737,0.005559332253898947,0.1250919045403413,0.41575062355142944,0.6394329793361491,0.848062594542283,1.112136789661638,1.2009271857395243
2020-07-31,0.24677021301139143,0.1351574838496002,0.010905745083781292,-0.0037459373601258705,0.11487612152149265,0.40807676119810515,0.6347770589388404,0.8465257825989058,1.114687987193806,1.2048580802456217
2020-08-31,0.1782166931356818,0.080635071582209,-0.028183486462832447,-0.04174445854287888,0.061095160619228886,0.3159722153715651,0.5131917442025349,0.6974470304706702,0.9308108233586313,1.0092806084515098
2020-09-30,0.19931856964638026,0.08489499845443489,-0.03952631435694306,-0.04264600474912298,0.0927494440797627,0.4165377913791313,0.664500596193334,0.8954284917496019,1.1875666697229714,1.2857871745620675
2020-10-31,0.18846448010721356,0.07869884252856871,-0.04010938402372625,-0.040897798074967656,0.09153942391240108,0.40644482211139915,0.6471943631198814,0.8712863186437672,1.1547221339785423,1.2500147811354654
2020-11-30,0.17895949360266838,0.0698061084651813,-0.041675672564812395,-0.015663472835431864,0.14707562356647524,0.512470109345291,0.7868965987755745,1.0409153965453581,1.3615486437995425,1.4693230524613947
2020-12-31,0.16536034205605035,0.06469115892810857,-0.036765938717228365,-0.007308786690902266,0.14911375625844345,0.49676594533182955,0.7570065354244196,0.9976416385346689,1.301264262191353,1.4033165495262807
2021-01-31,0.16603257925820802,0.05347767854476237,-0.06155132672887122,-0.03502266436953092,0.13244708426870933,0.5086547420520074,0.7912486850626194,1.052841163064468,1.3830405330436852,1.4940306348711945
2021-02-28,0.1390228175538002,0.02258254754157818,-0.09020489169703973,-0.03777947202522055,0.16440913554303271,0.6023097612272033,0.9273062847262898,1.2269936911440404,1.6047429369489785,1.7316961352703857
2021-03-31,0.09917731781780559,0.00332440457471515,-0.0691993363034747,0.05567628246630708,0.3167799144914134,0.836588218943979,1.210921837664577,1.5527012471804869,1.9819229703197525,2.1261161540125837
2021-04-30,0.07965201627355652,-0.008440003605359724,-0.0617475349763574,0.10667687068699035,0.408798726646121,0.9911418824552057,1.4052942751315836,1.7818326008590097,2.2539555636370086,2.412533071002049
2021-05-31,0.06369067731272474,-0.017036744704766914,-0.06340059325455043,0.10094446826094079,0.3893938372157086,0.9425519968783383,1.335151178264823,1.691846545638608,2.1389727009696595,2.2891498813376385
2021-06-30,0.06896192725767233,-0.02423739929984563,-0.08891380071439217,0.05598688618177095,0.3370636918678131,0.8882656040602231,1.2829248225484335,1.6425633379668423,2.0938848682626126,2.2454900469479093
2021-07-31,0.10179460790825355,0.04957785779138561,0.03381725690337034,0.19733704146133607,0.45019377476002626,0.9195496424426954,1.2482700398397653,1.545561014191448,1.917576514393175,2.042502018956806
2021-08-31,0.11360413266660131,0.04040038659546232,-0.01004797552827599,0.10518004663116179,0.32759225945168113,0.7632951611445209,1.075131253077004,1.3592572367449105,1.7157974566046048,1.8355635929888972
2021-09-30,0.10249581492128533,0.042848728626933,0.01247600421592833,0.14952453793809792,0.3807439855703775,0.8199087432592079,1.130400774479947,1.4121245447435322,1.7650957170707071,1.8836422895506193
2021-10-31,0.09055837586477955,0.06078747544104871,0.0769185790294514,0.27114753402271746,0.5323089015458649,0.9968305873211758,1.316243306546874,1.6032518139533,1.9615155861315459,2.0817900799227687
2021-11-30,0.1081635075793465,0.14496650747140247,0.24836306757575288,0.5042209814756178,0.7558946323524846,1.1486511368202885,1.401964540091938,1.6242066855093549,1.8990588445386634,1.9912346437579291
2021-12-31,0.14025481503459347,0.1931849105044612,0.31281048751006374,0.563851675248051,0.790353401401,1.1272258646683282,1.3387212913537334,1.522300253180665,1.7483709732078248,1.8241506474816118
2022-01-31,0.2091012271638411,0.2915667809785245,0.4513177968706638,0.7353712552948364,0.9642325910281282,1.2803227281579064,1.469904158059484,1.6313472250166572,1.8286187541997636,1.8946863444213995
2022-02-28,0.4628380281551871,0.6051448112625997,0.8443046938042746,1.1876495880982458,1.4124947253606888,1.671671697013516,1.8069289189205748,1.9146873130419262,2.042619485412902,2.0853216180961507
2022-03-31,0.6436515971826742,0.8048084067413377,1.0650041938586747,1.4110298806019055,1.6160801806371106,1.8261413812611966,1.9233813074725177,1.9956179569591899,2.078559361134614,2.106133055074355
2022-04-30,0.9647699065736978,1.2921324871070157,1.7763845351900682,2.3011729342767606,2.5113832433417076,2.5908312336605754,2.5555948581557413,2.495111607738732,2.405848439627371,2.3753655625677665
2022-05-31,1.3148191947424208,1.6635733404932065,2.1833175145297523,2.757874213561191,2.9997479584693276,3.114561444598038,3.097247910545769,3.0508182395124,2.978118255979943,2.9531591746603683
2022-06-30,1.5282199319561107,1.7579933126179796,2.113880110090552,2.54653953040618,2.7685859320750565,2.9497458819966624,3.009065698589098,3.041441187132155,3.0718610638546777,3.08169889312822
2022-07-31,2.2421400127400277,2.413677786774068,2.671897720597988,2.964869984517151,3.095852022098884,3.1725457952531415,3.1775844702603733,3.166814670366856,3.146065802263557,3.1388262794334056
2022-08-31,2.7447849981844277,2.75347451940331,2.7706994099780355,2.8022055846678637,2.82814555675025,2.864523347768067,2.8865582269069625,2.905402238776152,2.928468357261717,2.936194895182755
2022-09-30,3.226995988224531,3.2860194317176847,3.367515348269636,3.4387527094267702,3.4495681030129517,3.418303938030126,3.381393114404031,3.343283637078321,3.293352112601086,3.2765008721067415
2022-10-31,3.7038853782994914,3.853377413681391,4.059674451223962,4.239649752886522,4.266519363845809,4.186454296554024,4.092377935240665,3.995330444973846,3.8682124669999425,3.825313047470392
2022-11-30,4.445095394578683,4.460367032820256,4.474191179692362,4.463421214950313,4.43239235827033,4.367367260117125,4.319653343010063,4.275817309506775,4.2206384339982135,4.202096830763951
2022-12-31,4.595969292694965,4.531337688203923,4.419410728406997,4.2501734053334,4.132648574719748,3.989006325318687,3.9101946730369055,3.845779635731667,3.7684292720754375,3.742576181329574
2023-01-31,4.624288054440342,4.565057413843387,4.465211324456008,4.321084786555718,4.2260867008351894,4.115833474644672,4.057942287107741,4.011671605907083,3.9566580807426277,3.9382920981391925
2023-02-28,4.765162696929018,4.6064231820224375,4.357827034041666,4.047941873787502,3.8818198660542915,3.7352543818401953,3.679921724299548,3.6447785251154894,3.6078711654382505,3.595741721092258
2023-03-31,5.04959033406737,4.987293654651679,4.869923608667275,4.668652718399896,4.511183764729645,4.298353147628671,4.172533908368242,4.066062169621439,3.9363006495490973,3.892855609290123
2023-04-30,4.868388943021552,4.649695490391022,4.317930161753969,3.9341223830720873,3.7552048205598987,3.637350471502904,3.6174688842886735,3.6192183527590025,3.6307689090603676,3.634997690688598
2023-05-31,5.067036680710497,4.788801713114783,4.370216334785092,3.8960130146123233,3.684716718409082,3.5622666676673402,3.555399351751769,3.574030189998209,3.6091304827644004,3.6213581153428214
2023-06-30,5.495626203984543,5.199370223030062,4.749281696529615,4.2267045339234866,3.981265365451259,3.816451703514344,3.7860596655125978,3.785350028818142,3.797166695577747,3.8016098455501988
2023-07-31,5.510500439617705,5.3553143299934005,5.096513587371635,4.730153305158924,4.494293926097396,4.22737272453871,4.090406030323026,3.982271168617912,3.854422823508511,3.811769589100057
2023-08-31,5.5741710476538096,5.392059933121251,5.100307367774799,4.718438140390674,4.49732355418347,4.277785900399084,4.1798581625874105,4.1088727308081365,4.028385847889918,4.001669632525517
2023-09-30,5.554068789108238,5.36497676599065,5.069448667682983,4.702731277051618,4.507649359492716,4.337779014213925,4.275029908644789,4.235983500576554,4.195522334909282,4.182249243362669
2023-10-31,5.560973274341228,5.404043831370016,5.1675696697109785,4.8985640420894265,4.777597658584527,4.7055182641521425,4.699623777087612,4.708332503258029,4.725891559994169,4.732037087562804
2023-11-30,5.558949301006074,5.406721122426193,5.186253460092209,4.961184698409567,4.885403125925975,4.885435818115032,4.926606703938606,4.976797819727031,5.0457520771977995,5.069137273329654
2023-12-31,5.410164413926633,5.204375429173702,4.900927214455797,4.574914430266695,4.447269065109105,4.4048975487730795,4.432123302345499,4.474662979231348,4.536396146710621,4.557444447606199
2024-01-31,5.286910194384001,4.9968154366961075,4.568644256589638,4.107428667920824,3.925585339286358,3.8626484549558784,3.8988781901317977,3.956931414320932,4.04157453637822,4.070446921087659
2024-02-29,5.2556612249541725,4.96620638081525,4.544440946813758,4.106203470842819,3.95020044852232,3.9302200363035915,3.9950701885832123,4.078546159597233,4.194783233070575,4.234256913492518
2024-03-31,5.365263751159933,5.160335951172151,4.854807092856295,4.5166855639031755,4.37396727361258,4.305504187060998,4.3150081739608,4.341694254785318,4.383671448744691,4.398088633074877
2024-04-30,5.4092971045634,5.1872232781070835,4.855604510514965,4.487074734899382,4.329961824927059,4.251640818713664,4.259171879846692,4.285626405250181,4.328050568111986,4.342645394024107
2024-05-31,5.452967852690142,5.329590110074082,5.143420698762742,4.9309085971244535,4.834623181153776,4.775965334399189,4.769997809139864,4.775657625662319,4.787986150839187,4.792322310877066
2024-06-30,5.443946473076941,5.28254359980015,5.040521426147159,4.768644480487033,4.649786595831118,4.585005307956964,4.58521190363223,4.599750029180367,4.624751581810235,4.633401882304212
2024-07-31,5.41239749144578,5.21218422301777,4.914724856964229,4.58856634244041,4.453978417156343,4.395248570938735,4.410002283572208,4.440942711266876,4.48800946373807,4.504127004828799
2024-08-31,5.250700491496091,4.966471852480668,4.5552117379512,4.13650883464083,3.9967854127244427,3.9998256872116382,4.078693727265736,4.174184497506998,4.305141820541684,4.349546908913265
2024-09-30,5.000141655105948,4.680716324580216,4.225198521407376,3.7814664062154977,3.655508543162752,3.711216738175522,3.8349017380806174,3.9734215066373038,4.159408005407192,4.222336589046179
2024-10-31,4.510942046162052,4.241169749866216,3.8648705782434734,3.523935435790319,3.4567352308377033,3.569726088571811,3.718385448429939,3.874723086984379,4.080743421293725,4.15031491435585
2024-11-30,4.524026316681138,4.393770069232366,4.2166547973132875,4.070440091695074,4.059309663241042,4.149744290633845,4.245571640561247,4.34246725331235,4.468571760052559,4.511100060957696
2024-12-31,4.508524006738949,4.382664202781117,4.208132131086919,4.0532012052052115,4.026632867920897,4.087398682382056,4.162150847541391,4.239893040379303,4.34198563613567,4.376448908553991
2025-01-31,4.291174198641871,4.232008720135489,4.166583671249846,4.160587480506162,4.22551964205923,4.38439639683986,4.506883351544893,4.621190599699414,4.765904706914648,4.814563403551892
2025-02-28,4.280436237419718,4.218229498308477,4.14962664773482,4.144067030500087,4.213199639750343,4.381695227200386,4.511451698083545,4.6325011884150875,4.785731814363739,4.837253396186618
2025-03-31,4.276101086239059,4.160169862430855,4.00945175782954,3.907138874119407,3.929461086142685,4.064195204470011,4.185843948977774,4.30445337499312,4.4569519516549025,4.508314500471599
2025-04-30,4.259639118767929,4.111018072346259,3.9182642557263345,3.788964112678971,3.819738183277249,3.9960955097111266,4.154480393694322,4.308701828502122,4.506896703572691,4.573646769783721
2025-05-31,4.2080382222799075,3.974154612638666,3.6691119154289527,3.4587662842602986,3.4992402911616627,3.7633830923796814,4.0036573255928145,4.238364439228488,4.540324075338227,4.642033099174893
2025-06-30,4.340949296798964,4.1469599602327,3.8987153780105723,3.743414094531487,3.799184974531581,4.055638847946816,4.279975385555092,4.4969458247556275,4.775134077296454,4.868801550103309
2025-07-31,4.31919327076228,4.08073358345585,3.7689774972986743,3.551520378608947,3.589315798851332,3.8527854130445642,4.093845378943343,4.32965896901844,4.633191023762135,4.735435100062332
2025-08-31,4.352806199961329,4.163284565716863,3.919517123707717,3.7628058705744163,3.811515791083425,4.05234068646618,4.264993570598668,4.471165171758099,4.735730074811916,4.824818607342111
2025-09-30,4.115027474601172,3.877069458617871,3.57404692949999,3.3895291906825697,3.4648719383676116,3.7911184125156976,4.074121617458196,4.347231044900094,4.697130992944338,4.814934441002133
2025-10-31,3.9197870001736392,3.7490162671850653,3.5384083343895116,3.4335599002249926,3.5195675878012898,3.8074544919345747,4.046584101068143,4.274659320016554,4.565664656144494,4.6635958586097095
2025-11-30,3.854536297155763,3.705678553751255,3.524542060331727,3.442985877910493,3.5293538366874198,3.7994816975040964,4.020784231296453,4.2310398809460965,4.498941513922599,4.589084220336577
2025-12-31,3.819524866044538,3.6400009102705564,3.417545670577416,3.3030921405126685,3.388607330274225,3.6830014298916187,3.9288588557395765,4.1637020502427715,4.463500762210301,4.5643969681566885
2026-01-31,3.6277914460298297,3.492939866475108,3.3416700183136614,3.319352616248626,3.457326833002129,3.8025764574222345,4.070446509454613,4.320913806045236,4.638231197103779,4.744934305066608
2026-02-28,3.6310721302119178,3.5085095566519415,3.3750856052722886,3.371130810177759,3.5154466738759083,3.8610706604052303,4.1258697892594745,4.372510250697541,4.684540957112458,4.789450138959927
2026-03-31,3.650592329929504,3.4861966458521327,3.2878383261337576,3.204546556072053,3.307780532308519,3.6193186756511837,3.8725782817785155,4.11266593522067,4.418339333186493,4.521182577927925
2026-04-30,3.7293271964817003,3.651357667841241,3.5755829788211364,3.609677700231764,3.743895343906497,4.035148896099467,4.251449944187504,4.450948591707759,4.702431725494137,4.786950392043793
2026-05-31,3.719724514292748,3.6650071968913793,3.6235863174166103,3.694786935434199,3.8437395235946306,4.140306172874051,4.353883217345541,4.548888877284848,4.793786801622441,4.876058104128179
2026-06-30,3.7590568932560426,3.7321965121061287,3.7276796429527894,3.8262321998449162,3.9730266803724135,4.242613845401013,4.4305767088903245,4.6003016199059905,4.812560665120532,4.883834063972163
2026-07-31,3.9671358054921693,3.935793679330726,3.9174052215234476,3.979651918801245,4.089834616158069,4.301555298357236,4.451942169078954,4.588613197996141,4.759951199002528,4.817499502495882
2026-08-31,3.9389492605866976,3.9431460639256506,3.9836536682641426,4.12830611937392,4.290772145317179,4.560707433091618,4.740508537633806,4.900205309174557,5.098659830514689,5.165250615849783
